ID,Sequence_len,Description
NC_000001.11,248956422,"NC_000001.11 Homo sapiens chromosome 1, GRCh38.p14 Primary Assembly"
NT_187361.1,175055,"NT_187361.1 Homo sapiens chromosome 1 unlocalized genomic scaffold, GRCh38.p14 Primary Assembly HSCHR1_CTG1_UNLOCALIZED"
NT_187362.1,32032,"NT_187362.1 Homo sapiens chromosome 1 unlocalized genomic scaffold, GRCh38.p14 Primary Assembly HSCHR1_CTG2_UNLOCALIZED"
NT_187363.1,127682,"NT_187363.1 Homo sapiens chromosome 1 unlocalized genomic scaffold, GRCh38.p14 Primary Assembly HSCHR1_CTG3_UNLOCALIZED"
NT_187364.1,66860,"NT_187364.1 Homo sapiens chromosome 1 unlocalized genomic scaffold, GRCh38.p14 Primary Assembly HSCHR1_CTG4_UNLOCALIZED"
NT_187365.1,40176,"NT_187365.1 Homo sapiens chromosome 1 unlocalized genomic scaffold, GRCh38.p14 Primary Assembly HSCHR1_CTG5_UNLOCALIZED"
NT_187366.1,42210,"NT_187366.1 Homo sapiens chromosome 1 unlocalized genomic scaffold, GRCh38.p14 Primary Assembly HSCHR1_CTG6_UNLOCALIZED"
NT_187367.1,176043,"NT_187367.1 Homo sapiens chromosome 1 unlocalized genomic scaffold, GRCh38.p14 Primary Assembly HSCHR1_CTG7_UNLOCALIZED"
NT_187368.1,40745,"NT_187368.1 Homo sapiens chromosome 1 unlocalized genomic scaffold, GRCh38.p14 Primary Assembly HSCHR1_CTG8_UNLOCALIZED"
NT_187369.1,41717,"NT_187369.1 Homo sapiens chromosome 1 unlocalized genomic scaffold, GRCh38.p14 Primary Assembly HSCHR1_CTG9_UNLOCALIZED"
NC_000002.12,242193529,"NC_000002.12 Homo sapiens chromosome 2, GRCh38.p14 Primary Assembly"
NT_187370.1,161471,"NT_187370.1 Homo sapiens chromosome 2 unlocalized genomic scaffold, GRCh38.p14 Primary Assembly HSCHR2_RANDOM_CTG1"
NT_187371.1,153799,"NT_187371.1 Homo sapiens chromosome 2 unlocalized genomic scaffold, GRCh38.p14 Primary Assembly HSCHR2_RANDOM_CTG2"
NC_000003.12,198295559,"NC_000003.12 Homo sapiens chromosome 3, GRCh38.p14 Primary Assembly"
NT_167215.1,155397,"NT_167215.1 Homo sapiens chromosome 3 unlocalized genomic scaffold, GRCh38.p14 Primary Assembly HSCHR3UN_CTG2"
NC_000004.12,190214555,"NC_000004.12 Homo sapiens chromosome 4, GRCh38.p14 Primary Assembly"
NT_113793.3,209709,"NT_113793.3 Homo sapiens chromosome 4 unlocalized genomic scaffold, GRCh38.p14 Primary Assembly HSCHR4_RANDOM_CTG4"
NC_000005.10,181538259,"NC_000005.10 Homo sapiens chromosome 5, GRCh38.p14 Primary Assembly"
NT_113948.1,92689,"NT_113948.1 Homo sapiens chromosome 5 unlocalized genomic scaffold, GRCh38.p14 Primary Assembly HSCHR5_RANDOM_CTG1"
NC_000006.12,170805979,"NC_000006.12 Homo sapiens chromosome 6, GRCh38.p14 Primary Assembly"
NC_000007.14,159345973,"NC_000007.14 Homo sapiens chromosome 7, GRCh38.p14 Primary Assembly"
NC_000008.11,145138636,"NC_000008.11 Homo sapiens chromosome 8, GRCh38.p14 Primary Assembly"
NC_000009.12,138394717,"NC_000009.12 Homo sapiens chromosome 9, GRCh38.p14 Primary Assembly"
NT_187372.1,40062,"NT_187372.1 Homo sapiens chromosome 9 unlocalized genomic scaffold, GRCh38.p14 Primary Assembly HSCHR9_UNLOCALIZED_CTG1"
NT_187373.1,38054,"NT_187373.1 Homo sapiens chromosome 9 unlocalized genomic scaffold, GRCh38.p14 Primary Assembly HSCHR9_UNLOCALIZED_CTG2"
NT_187374.1,176845,"NT_187374.1 Homo sapiens chromosome 9 unlocalized genomic scaffold, GRCh38.p14 Primary Assembly HSCHR9_UNLOCALIZED_CTG3"
NT_187375.1,39050,"NT_187375.1 Homo sapiens chromosome 9 unlocalized genomic scaffold, GRCh38.p14 Primary Assembly HSCHR9_UNLOCALIZED_CTG4"
NC_000010.11,133797422,"NC_000010.11 Homo sapiens chromosome 10, GRCh38.p14 Primary Assembly"
NC_000011.10,135086622,"NC_000011.10 Homo sapiens chromosome 11, GRCh38.p14 Primary Assembly"
NC_000012.12,133275309,"NC_000012.12 Homo sapiens chromosome 12, GRCh38.p14 Primary Assembly"
NC_000013.11,114364328,"NC_000013.11 Homo sapiens chromosome 13, GRCh38.p14 Primary Assembly"
NC_000014.9,107043718,"NC_000014.9 Homo sapiens chromosome 14, GRCh38.p14 Primary Assembly"
NT_113796.3,201709,"NT_113796.3 Homo sapiens chromosome 14 unlocalized genomic scaffold, GRCh38.p14 Primary Assembly HSCHR14_CTG1_UNLOCALIZED"
NT_167219.1,211173,"NT_167219.1 Homo sapiens chromosome 14 unlocalized genomic scaffold, GRCh38.p14 Primary Assembly HSCHR14_CTG2_UNLOCALIZED"
NT_187377.1,194050,"NT_187377.1 Homo sapiens chromosome 14 unlocalized genomic scaffold, GRCh38.p14 Primary Assembly HSCHR14_CTG3_UNLOCALIZED"
NT_113888.1,191469,"NT_113888.1 Homo sapiens chromosome 14 unlocalized genomic scaffold, GRCh38.p14 Primary Assembly HSCHR14_CTG4_UNLOCALIZED"
NT_187378.1,38115,"NT_187378.1 Homo sapiens chromosome 14 unlocalized genomic scaffold, GRCh38.p14 Primary Assembly HSCHR14_CTG5_UNLOCALIZED"
NT_187379.1,39555,"NT_187379.1 Homo sapiens chromosome 14 unlocalized genomic scaffold, GRCh38.p14 Primary Assembly HSCHR14_CTG6_UNLOCALIZED"
NT_187380.1,172810,"NT_187380.1 Homo sapiens chromosome 14 unlocalized genomic scaffold, GRCh38.p14 Primary Assembly HSCHR14_CTG7_UNLOCALIZED"
NT_187381.1,43739,"NT_187381.1 Homo sapiens chromosome 14 unlocalized genomic scaffold, GRCh38.p14 Primary Assembly HSCHR14_CTG8_UNLOCALIZED"
NC_000015.10,101991189,"NC_000015.10 Homo sapiens chromosome 15, GRCh38.p14 Primary Assembly"
NT_187382.1,448248,"NT_187382.1 Homo sapiens chromosome 15 unlocalized genomic scaffold, GRCh38.p14 Primary Assembly HSCHR15_RANDOM_CTG1"
NC_000016.10,90338345,"NC_000016.10 Homo sapiens chromosome 16, GRCh38.p14 Primary Assembly"
NT_187383.1,1872759,"NT_187383.1 Homo sapiens chromosome 16 unlocalized genomic scaffold, GRCh38.p14 Primary Assembly HSCHR16_RANDOM_CTG1"
NC_000017.11,83257441,"NC_000017.11 Homo sapiens chromosome 17, GRCh38.p14 Primary Assembly"
NT_113930.2,185591,"NT_113930.2 Homo sapiens chromosome 17 unlocalized genomic scaffold, GRCh38.p14 Primary Assembly HSCHR17_RANDOM_CTG3"
NT_187384.1,280839,"NT_187384.1 Homo sapiens chromosome 17 unlocalized genomic scaffold, GRCh38.p14 Primary Assembly HSCHR17_RANDOM_CTG4"
NT_187385.1,112551,"NT_187385.1 Homo sapiens chromosome 17 unlocalized genomic scaffold, GRCh38.p14 Primary Assembly HSCHR17_RANDOM_CTG5"
NC_000018.10,80373285,"NC_000018.10 Homo sapiens chromosome 18, GRCh38.p14 Primary Assembly"
NC_000019.10,58617616,"NC_000019.10 Homo sapiens chromosome 19, GRCh38.p14 Primary Assembly"
NC_000020.11,64444167,"NC_000020.11 Homo sapiens chromosome 20, GRCh38.p14 Primary Assembly"
NC_000021.9,46709983,"NC_000021.9 Homo sapiens chromosome 21, GRCh38.p14 Primary Assembly"
NC_000022.11,50818468,"NC_000022.11 Homo sapiens chromosome 22, GRCh38.p14 Primary Assembly"
NT_187386.1,150754,"NT_187386.1 Homo sapiens chromosome 22 unlocalized genomic scaffold, GRCh38.p14 Primary Assembly HSCHR22_UNLOCALIZED_CTG1"
NT_187387.1,41543,"NT_187387.1 Homo sapiens chromosome 22 unlocalized genomic scaffold, GRCh38.p14 Primary Assembly HSCHR22_UNLOCALIZED_CTG2"
NT_187388.1,179772,"NT_187388.1 Homo sapiens chromosome 22 unlocalized genomic scaffold, GRCh38.p14 Primary Assembly HSCHR22_UNLOCALIZED_CTG3"
NT_187390.1,42811,"NT_187390.1 Homo sapiens chromosome 22 unlocalized genomic scaffold, GRCh38.p14 Primary Assembly HSCHR22_UNLOCALIZED_CTG5"
NT_187391.1,181920,"NT_187391.1 Homo sapiens chromosome 22 unlocalized genomic scaffold, GRCh38.p14 Primary Assembly HSCHR22_UNLOCALIZED_CTG6"
NT_187392.1,103838,"NT_187392.1 Homo sapiens chromosome 22 unlocalized genomic scaffold, GRCh38.p14 Primary Assembly HSCHR22_UNLOCALIZED_CTG7"
NT_187393.1,99375,"NT_187393.1 Homo sapiens chromosome 22 unlocalized genomic scaffold, GRCh38.p14 Primary Assembly HSCHR22_UNLOCALIZED_CTG8"
NT_187394.1,73985,"NT_187394.1 Homo sapiens chromosome 22 unlocalized genomic scaffold, GRCh38.p14 Primary Assembly HSCHR22_UNLOCALIZED_CTG9"
NC_000023.11,156040895,"NC_000023.11 Homo sapiens chromosome X, GRCh38.p14 Primary Assembly"
NC_000024.10,57227415,"NC_000024.10 Homo sapiens chromosome Y, GRCh38.p14 Primary Assembly"
NT_187395.1,37240,"NT_187395.1 Homo sapiens chromosome Y unlocalized genomic scaffold, GRCh38.p14 Primary Assembly HSCHRY_RANDOM_CTG1"
NT_187396.1,2274,"NT_187396.1 Homo sapiens unplaced genomic scaffold, GRCh38.p14 Primary Assembly HSCHRUN_RANDOM_100"
NT_187397.1,2165,"NT_187397.1 Homo sapiens unplaced genomic scaffold, GRCh38.p14 Primary Assembly HSCHRUN_RANDOM_101"
NT_187398.1,1942,"NT_187398.1 Homo sapiens unplaced genomic scaffold, GRCh38.p14 Primary Assembly HSCHRUN_RANDOM_102"
NT_187399.1,1472,"NT_187399.1 Homo sapiens unplaced genomic scaffold, GRCh38.p14 Primary Assembly HSCHRUN_RANDOM_103"
NT_187400.1,21476,"NT_187400.1 Homo sapiens unplaced genomic scaffold, GRCh38.p14 Primary Assembly HSCHRUN_RANDOM_104"
NT_187401.1,4416,"NT_187401.1 Homo sapiens unplaced genomic scaffold, GRCh38.p14 Primary Assembly HSCHRUN_RANDOM_105"
NT_187402.1,1201,"NT_187402.1 Homo sapiens unplaced genomic scaffold, GRCh38.p14 Primary Assembly HSCHRUN_RANDOM_106"
NT_187403.1,1444,"NT_187403.1 Homo sapiens unplaced genomic scaffold, GRCh38.p14 Primary Assembly HSCHRUN_RANDOM_107"
NT_187404.1,2276,"NT_187404.1 Homo sapiens unplaced genomic scaffold, GRCh38.p14 Primary Assembly HSCHRUN_RANDOM_108"
NT_187405.1,998,"NT_187405.1 Homo sapiens unplaced genomic scaffold, GRCh38.p14 Primary Assembly HSCHRUN_RANDOM_109"
NT_187406.1,12399,"NT_187406.1 Homo sapiens unplaced genomic scaffold, GRCh38.p14 Primary Assembly HSCHRUN_RANDOM_110"
NT_187407.1,37690,"NT_187407.1 Homo sapiens unplaced genomic scaffold, GRCh38.p14 Primary Assembly HSCHRUN_RANDOM_111"
NT_187408.1,1179,"NT_187408.1 Homo sapiens unplaced genomic scaffold, GRCh38.p14 Primary Assembly HSCHRUN_RANDOM_112"
NT_187409.1,2646,"NT_187409.1 Homo sapiens unplaced genomic scaffold, GRCh38.p14 Primary Assembly HSCHRUN_RANDOM_113"
NT_187410.1,2489,"NT_187410.1 Homo sapiens unplaced genomic scaffold, GRCh38.p14 Primary Assembly HSCHRUN_RANDOM_114"
NT_187411.1,1029,"NT_187411.1 Homo sapiens unplaced genomic scaffold, GRCh38.p14 Primary Assembly HSCHRUN_RANDOM_115"
NT_187412.1,2145,"NT_187412.1 Homo sapiens unplaced genomic scaffold, GRCh38.p14 Primary Assembly HSCHRUN_RANDOM_116"
NT_187413.1,2321,"NT_187413.1 Homo sapiens unplaced genomic scaffold, GRCh38.p14 Primary Assembly HSCHRUN_RANDOM_117"
NT_187414.1,2140,"NT_187414.1 Homo sapiens unplaced genomic scaffold, GRCh38.p14 Primary Assembly HSCHRUN_RANDOM_118"
NT_187415.1,2043,"NT_187415.1 Homo sapiens unplaced genomic scaffold, GRCh38.p14 Primary Assembly HSCHRUN_RANDOM_119"
NT_187416.1,1445,"NT_187416.1 Homo sapiens unplaced genomic scaffold, GRCh38.p14 Primary Assembly HSCHRUN_RANDOM_120"
NT_187417.1,981,"NT_187417.1 Homo sapiens unplaced genomic scaffold, GRCh38.p14 Primary Assembly HSCHRUN_RANDOM_121"
NT_187418.1,1884,"NT_187418.1 Homo sapiens unplaced genomic scaffold, GRCh38.p14 Primary Assembly HSCHRUN_RANDOM_122"
NT_187419.1,1361,"NT_187419.1 Homo sapiens unplaced genomic scaffold, GRCh38.p14 Primary Assembly HSCHRUN_RANDOM_123"
NT_187420.1,392061,"NT_187420.1 Homo sapiens unplaced genomic scaffold, GRCh38.p14 Primary Assembly HSCHRUN_RANDOM_124"
NT_187421.1,1233,"NT_187421.1 Homo sapiens unplaced genomic scaffold, GRCh38.p14 Primary Assembly HSCHRUN_RANDOM_125"
NT_187422.1,1774,"NT_187422.1 Homo sapiens unplaced genomic scaffold, GRCh38.p14 Primary Assembly HSCHRUN_RANDOM_126"
NT_187423.1,3920,"NT_187423.1 Homo sapiens unplaced genomic scaffold, GRCh38.p14 Primary Assembly HSCHRUN_RANDOM_127"
NT_187424.1,92983,"NT_187424.1 Homo sapiens unplaced genomic scaffold, GRCh38.p14 Primary Assembly HSCHRUN_RANDOM_128"
NT_187425.1,112505,"NT_187425.1 Homo sapiens unplaced genomic scaffold, GRCh38.p14 Primary Assembly HSCHRUN_RANDOM_129"
NT_187426.1,4055,"NT_187426.1 Homo sapiens unplaced genomic scaffold, GRCh38.p14 Primary Assembly HSCHRUN_RANDOM_130"
NT_187427.1,2415,"NT_187427.1 Homo sapiens unplaced genomic scaffold, GRCh38.p14 Primary Assembly HSCHRUN_RANDOM_131"
NT_187428.1,2318,"NT_187428.1 Homo sapiens unplaced genomic scaffold, GRCh38.p14 Primary Assembly HSCHRUN_RANDOM_132"
NT_187429.1,2186,"NT_187429.1 Homo sapiens unplaced genomic scaffold, GRCh38.p14 Primary Assembly HSCHRUN_RANDOM_133"
NT_187430.1,1951,"NT_187430.1 Homo sapiens unplaced genomic scaffold, GRCh38.p14 Primary Assembly HSCHRUN_RANDOM_134"
NT_187431.1,1300,"NT_187431.1 Homo sapiens unplaced genomic scaffold, GRCh38.p14 Primary Assembly HSCHRUN_RANDOM_135"
NT_187432.1,22689,"NT_187432.1 Homo sapiens unplaced genomic scaffold, GRCh38.p14 Primary Assembly HSCHRUN_RANDOM_136"
NT_187433.1,138126,"NT_187433.1 Homo sapiens unplaced genomic scaffold, GRCh38.p14 Primary Assembly HSCHRUN_RANDOM_137"
NT_187434.1,5674,"NT_187434.1 Homo sapiens unplaced genomic scaffold, GRCh38.p14 Primary Assembly HSCHRUN_RANDOM_138"
NT_187435.1,8127,"NT_187435.1 Homo sapiens unplaced genomic scaffold, GRCh38.p14 Primary Assembly HSCHRUN_RANDOM_139"
NT_187436.1,6361,"NT_187436.1 Homo sapiens unplaced genomic scaffold, GRCh38.p14 Primary Assembly HSCHRUN_RANDOM_140"
NT_187437.1,5353,"NT_187437.1 Homo sapiens unplaced genomic scaffold, GRCh38.p14 Primary Assembly HSCHRUN_RANDOM_141"
NT_187438.1,3253,"NT_187438.1 Homo sapiens unplaced genomic scaffold, GRCh38.p14 Primary Assembly HSCHRUN_RANDOM_142"
NT_187439.1,1899,"NT_187439.1 Homo sapiens unplaced genomic scaffold, GRCh38.p14 Primary Assembly HSCHRUN_RANDOM_143"
NT_187440.1,2983,"NT_187440.1 Homo sapiens unplaced genomic scaffold, GRCh38.p14 Primary Assembly HSCHRUN_RANDOM_144"
NT_187441.1,2168,"NT_187441.1 Homo sapiens unplaced genomic scaffold, GRCh38.p14 Primary Assembly HSCHRUN_RANDOM_145"
NT_187442.1,993,"NT_187442.1 Homo sapiens unplaced genomic scaffold, GRCh38.p14 Primary Assembly HSCHRUN_RANDOM_146"
NT_187443.1,91309,"NT_187443.1 Homo sapiens unplaced genomic scaffold, GRCh38.p14 Primary Assembly HSCHRUN_RANDOM_147"
NT_187444.1,1202,"NT_187444.1 Homo sapiens unplaced genomic scaffold, GRCh38.p14 Primary Assembly HSCHRUN_RANDOM_148"
NT_187445.1,1599,"NT_187445.1 Homo sapiens unplaced genomic scaffold, GRCh38.p14 Primary Assembly HSCHRUN_RANDOM_149"
NT_187446.1,1400,"NT_187446.1 Homo sapiens unplaced genomic scaffold, GRCh38.p14 Primary Assembly HSCHRUN_RANDOM_154"
NT_187447.1,2969,"NT_187447.1 Homo sapiens unplaced genomic scaffold, GRCh38.p14 Primary Assembly HSCHRUN_RANDOM_155"
NT_187448.1,1553,"NT_187448.1 Homo sapiens unplaced genomic scaffold, GRCh38.p14 Primary Assembly HSCHRUN_RANDOM_156"
NT_187449.1,7046,"NT_187449.1 Homo sapiens unplaced genomic scaffold, GRCh38.p14 Primary Assembly HSCHRUN_RANDOM_157"
NT_187450.1,31033,"NT_187450.1 Homo sapiens unplaced genomic scaffold, GRCh38.p14 Primary Assembly HSCHRUN_RANDOM_158"
NT_187451.1,44474,"NT_187451.1 Homo sapiens unplaced genomic scaffold, GRCh38.p14 Primary Assembly HSCHRUN_RANDOM_159"
NT_187452.1,4685,"NT_187452.1 Homo sapiens unplaced genomic scaffold, GRCh38.p14 Primary Assembly HSCHRUN_RANDOM_160"
NT_187453.1,4513,"NT_187453.1 Homo sapiens unplaced genomic scaffold, GRCh38.p14 Primary Assembly HSCHRUN_RANDOM_161"
NT_187454.1,6504,"NT_187454.1 Homo sapiens unplaced genomic scaffold, GRCh38.p14 Primary Assembly HSCHRUN_RANDOM_162"
NT_187455.1,6158,"NT_187455.1 Homo sapiens unplaced genomic scaffold, GRCh38.p14 Primary Assembly HSCHRUN_RANDOM_163"
NT_187456.1,3041,"NT_187456.1 Homo sapiens unplaced genomic scaffold, GRCh38.p14 Primary Assembly HSCHRUN_RANDOM_164"
NT_187457.1,5796,"NT_187457.1 Homo sapiens unplaced genomic scaffold, GRCh38.p14 Primary Assembly HSCHRUN_RANDOM_165"
NT_187458.1,1652,"NT_187458.1 Homo sapiens unplaced genomic scaffold, GRCh38.p14 Primary Assembly HSCHRUN_RANDOM_166"
NT_187459.1,1040,"NT_187459.1 Homo sapiens unplaced genomic scaffold, GRCh38.p14 Primary Assembly HSCHRUN_RANDOM_167"
NT_187460.1,1368,"NT_187460.1 Homo sapiens unplaced genomic scaffold, GRCh38.p14 Primary Assembly HSCHRUN_RANDOM_168"
NT_187461.1,2699,"NT_187461.1 Homo sapiens unplaced genomic scaffold, GRCh38.p14 Primary Assembly HSCHRUN_RANDOM_169"
NT_187462.1,1048,"NT_187462.1 Homo sapiens unplaced genomic scaffold, GRCh38.p14 Primary Assembly HSCHRUN_RANDOM_170"
NT_187463.1,1428,"NT_187463.1 Homo sapiens unplaced genomic scaffold, GRCh38.p14 Primary Assembly HSCHRUN_RANDOM_171"
NT_187464.1,1428,"NT_187464.1 Homo sapiens unplaced genomic scaffold, GRCh38.p14 Primary Assembly HSCHRUN_RANDOM_172"
NT_187465.1,1026,"NT_187465.1 Homo sapiens unplaced genomic scaffold, GRCh38.p14 Primary Assembly HSCHRUN_RANDOM_173"
NT_187466.1,1121,"NT_187466.1 Homo sapiens unplaced genomic scaffold, GRCh38.p14 Primary Assembly HSCHRUN_RANDOM_174"
NT_187467.1,1803,"NT_187467.1 Homo sapiens unplaced genomic scaffold, GRCh38.p14 Primary Assembly HSCHRUN_RANDOM_175"
NT_187468.1,2855,"NT_187468.1 Homo sapiens unplaced genomic scaffold, GRCh38.p14 Primary Assembly HSCHRUN_RANDOM_176"
NT_187469.1,3530,"NT_187469.1 Homo sapiens unplaced genomic scaffold, GRCh38.p14 Primary Assembly HSCHRUN_RANDOM_177"
NT_187470.1,8320,"NT_187470.1 Homo sapiens unplaced genomic scaffold, GRCh38.p14 Primary Assembly HSCHRUN_RANDOM_178"
NT_187471.1,1048,"NT_187471.1 Homo sapiens unplaced genomic scaffold, GRCh38.p14 Primary Assembly HSCHRUN_RANDOM_179"
NT_187472.1,1045,"NT_187472.1 Homo sapiens unplaced genomic scaffold, GRCh38.p14 Primary Assembly HSCHRUN_RANDOM_180"
NT_187473.1,1298,"NT_187473.1 Homo sapiens unplaced genomic scaffold, GRCh38.p14 Primary Assembly HSCHRUN_RANDOM_181"
NT_187474.1,2387,"NT_187474.1 Homo sapiens unplaced genomic scaffold, GRCh38.p14 Primary Assembly HSCHRUN_RANDOM_182"
NT_187475.1,1537,"NT_187475.1 Homo sapiens unplaced genomic scaffold, GRCh38.p14 Primary Assembly HSCHRUN_RANDOM_183"
NT_187476.1,1143,"NT_187476.1 Homo sapiens unplaced genomic scaffold, GRCh38.p14 Primary Assembly HSCHRUN_RANDOM_184"
NT_187477.1,1880,"NT_187477.1 Homo sapiens unplaced genomic scaffold, GRCh38.p14 Primary Assembly HSCHRUN_RANDOM_185"
NT_187478.1,1216,"NT_187478.1 Homo sapiens unplaced genomic scaffold, GRCh38.p14 Primary Assembly HSCHRUN_RANDOM_186"
NT_187479.1,970,"NT_187479.1 Homo sapiens unplaced genomic scaffold, GRCh38.p14 Primary Assembly HSCHRUN_RANDOM_187"
NT_187480.1,1788,"NT_187480.1 Homo sapiens unplaced genomic scaffold, GRCh38.p14 Primary Assembly HSCHRUN_RANDOM_188"
NT_187481.1,1484,"NT_187481.1 Homo sapiens unplaced genomic scaffold, GRCh38.p14 Primary Assembly HSCHRUN_RANDOM_189"
NT_187482.1,1750,"NT_187482.1 Homo sapiens unplaced genomic scaffold, GRCh38.p14 Primary Assembly HSCHRUN_RANDOM_190"
NT_187483.1,1308,"NT_187483.1 Homo sapiens unplaced genomic scaffold, GRCh38.p14 Primary Assembly HSCHRUN_RANDOM_191"
NT_187484.1,1658,"NT_187484.1 Homo sapiens unplaced genomic scaffold, GRCh38.p14 Primary Assembly HSCHRUN_RANDOM_192"
NT_187485.1,971,"NT_187485.1 Homo sapiens unplaced genomic scaffold, GRCh38.p14 Primary Assembly HSCHRUN_RANDOM_193"
NT_187486.1,1930,"NT_187486.1 Homo sapiens unplaced genomic scaffold, GRCh38.p14 Primary Assembly HSCHRUN_RANDOM_194"
NT_187487.1,990,"NT_187487.1 Homo sapiens unplaced genomic scaffold, GRCh38.p14 Primary Assembly HSCHRUN_RANDOM_195"
NT_187488.1,4215,"NT_187488.1 Homo sapiens unplaced genomic scaffold, GRCh38.p14 Primary Assembly HSCHRUN_RANDOM_196"
NT_187489.1,1136,"NT_187489.1 Homo sapiens unplaced genomic scaffold, GRCh38.p14 Primary Assembly HSCHRUN_RANDOM_197"
NT_187490.1,2656,"NT_187490.1 Homo sapiens unplaced genomic scaffold, GRCh38.p14 Primary Assembly HSCHRUN_RANDOM_198"
NT_187491.1,1650,"NT_187491.1 Homo sapiens unplaced genomic scaffold, GRCh38.p14 Primary Assembly HSCHRUN_RANDOM_199"
NT_187492.1,1451,"NT_187492.1 Homo sapiens unplaced genomic scaffold, GRCh38.p14 Primary Assembly HSCHRUN_RANDOM_200"
NT_187493.1,2378,"NT_187493.1 Homo sapiens unplaced genomic scaffold, GRCh38.p14 Primary Assembly HSCHRUN_RANDOM_201"
NT_187494.1,2805,"NT_187494.1 Homo sapiens unplaced genomic scaffold, GRCh38.p14 Primary Assembly HSCHRUN_RANDOM_202"
NT_187495.1,7992,"NT_187495.1 Homo sapiens unplaced genomic scaffold, GRCh38.p14 Primary Assembly HSCHRUN_RANDOM_203"
NT_187496.1,7642,"NT_187496.1 Homo sapiens unplaced genomic scaffold, GRCh38.p14 Primary Assembly HSCHRUN_RANDOM_204"
NT_113901.1,182896,"NT_113901.1 Homo sapiens unplaced genomic scaffold, GRCh38.p14 Primary Assembly HSCHRUN_RANDOM_CTG1"
NT_167213.1,179198,"NT_167213.1 Homo sapiens unplaced genomic scaffold, GRCh38.p14 Primary Assembly HSCHRUN_RANDOM_CTG10"
NT_167214.1,161802,"NT_167214.1 Homo sapiens unplaced genomic scaffold, GRCh38.p14 Primary Assembly HSCHRUN_RANDOM_CTG11"
NT_167218.1,179693,"NT_167218.1 Homo sapiens unplaced genomic scaffold, GRCh38.p14 Primary Assembly HSCHRUN_RANDOM_CTG16"
NT_187497.1,157432,"NT_187497.1 Homo sapiens unplaced genomic scaffold, GRCh38.p14 Primary Assembly HSCHRUN_RANDOM_CTG17"
NT_167220.1,15008,"NT_167220.1 Homo sapiens unplaced genomic scaffold, GRCh38.p14 Primary Assembly HSCHRUN_RANDOM_CTG19"
NT_167208.1,164239,"NT_167208.1 Homo sapiens unplaced genomic scaffold, GRCh38.p14 Primary Assembly HSCHRUN_RANDOM_CTG2"
NT_187498.1,210658,"NT_187498.1 Homo sapiens unplaced genomic scaffold, GRCh38.p14 Primary Assembly HSCHRUN_RANDOM_CTG20"
NT_187499.1,168472,"NT_187499.1 Homo sapiens unplaced genomic scaffold, GRCh38.p14 Primary Assembly HSCHRUN_RANDOM_CTG21"
NT_187500.1,41891,"NT_187500.1 Homo sapiens unplaced genomic scaffold, GRCh38.p14 Primary Assembly HSCHRUN_RANDOM_CTG22"
NT_187501.1,66486,"NT_187501.1 Homo sapiens unplaced genomic scaffold, GRCh38.p14 Primary Assembly HSCHRUN_RANDOM_CTG23"
NT_187502.1,198735,"NT_187502.1 Homo sapiens unplaced genomic scaffold, GRCh38.p14 Primary Assembly HSCHRUN_RANDOM_CTG24"
NT_187503.1,93321,"NT_187503.1 Homo sapiens unplaced genomic scaffold, GRCh38.p14 Primary Assembly HSCHRUN_RANDOM_CTG25"
NT_187504.1,158759,"NT_187504.1 Homo sapiens unplaced genomic scaffold, GRCh38.p14 Primary Assembly HSCHRUN_RANDOM_CTG26"
NT_187505.1,148850,"NT_187505.1 Homo sapiens unplaced genomic scaffold, GRCh38.p14 Primary Assembly HSCHRUN_RANDOM_CTG27"
NT_187506.1,150742,"NT_187506.1 Homo sapiens unplaced genomic scaffold, GRCh38.p14 Primary Assembly HSCHRUN_RANDOM_CTG28"
NT_187508.1,62944,"NT_187508.1 Homo sapiens unplaced genomic scaffold, GRCh38.p14 Primary Assembly HSCHRUN_RANDOM_CTG30"
NT_187509.1,40191,"NT_187509.1 Homo sapiens unplaced genomic scaffold, GRCh38.p14 Primary Assembly HSCHRUN_RANDOM_CTG33"
NT_187510.1,36723,"NT_187510.1 Homo sapiens unplaced genomic scaffold, GRCh38.p14 Primary Assembly HSCHRUN_RANDOM_CTG34"
NT_187511.1,79590,"NT_187511.1 Homo sapiens unplaced genomic scaffold, GRCh38.p14 Primary Assembly HSCHRUN_RANDOM_CTG35"
NT_187512.1,71251,"NT_187512.1 Homo sapiens unplaced genomic scaffold, GRCh38.p14 Primary Assembly HSCHRUN_RANDOM_CTG36"
NT_167209.1,137718,"NT_167209.1 Homo sapiens unplaced genomic scaffold, GRCh38.p14 Primary Assembly HSCHRUN_RANDOM_CTG4"
NT_187513.1,186739,"NT_187513.1 Homo sapiens unplaced genomic scaffold, GRCh38.p14 Primary Assembly HSCHRUN_RANDOM_CTG42"
NT_167211.2,176608,"NT_167211.2 Homo sapiens unplaced genomic scaffold, GRCh38.p14 Primary Assembly HSCHRUN_RANDOM_CTG6"
NT_113889.1,161147,"NT_113889.1 Homo sapiens unplaced genomic scaffold, GRCh38.p14 Primary Assembly HSCHRUN_RANDOM_CTG9"
NW_012132914.1,467143,"NW_012132914.1 Homo sapiens chromosome 1 genomic patch of type FIX, GRCh38.p14 PATCHES HG1342_HG2282_PATCH"
NW_015495298.1,278659,"NW_015495298.1 Homo sapiens chromosome 1 genomic patch of type NOVEL, GRCh38.p14 PATCHES HSCHR1_5_CTG3"
NW_025791756.1,1572686,"NW_025791756.1 Homo sapiens chromosome 1 genomic patch of type FIX, GRCh38.p14 PATCHES HG1343_HG173_HG459_PATCH"
NW_011332688.1,305542,"NW_011332688.1 Homo sapiens chromosome 1 genomic patch of type FIX, GRCh38.p14 PATCHES HG2095_PATCH"
NW_014040926.1,349938,"NW_014040926.1 Homo sapiens chromosome 1 genomic patch of type NOVEL, GRCh38.p14 PATCHES HSCHR1_4_CTG3"
NW_009646195.1,166200,"NW_009646195.1 Homo sapiens chromosome 1 genomic patch of type FIX, GRCh38.p14 PATCHES HG2058_PATCH"
NW_018654706.1,166136,"NW_018654706.1 Homo sapiens chromosome 1 genomic patch of type NOVEL, GRCh38.p14 PATCHES HSCHR1_8_CTG3"
NW_019805487.1,44955,"NW_019805487.1 Homo sapiens chromosome 1 genomic patch of type FIX, GRCh38.p14 PATCHES HG460_PATCH"
NW_009646194.1,186494,"NW_009646194.1 Homo sapiens chromosome 1 genomic patch of type FIX, GRCh38.p14 PATCHES HG986_PATCH"
NW_018654707.1,140355,"NW_018654707.1 Homo sapiens chromosome 1 genomic patch of type NOVEL, GRCh38.p14 PATCHES HSCHR1_9_CTG3"
NW_014040925.1,141019,"NW_014040925.1 Homo sapiens chromosome 1 genomic patch of type NOVEL, GRCh38.p14 PATCHES HSCHR1_3_CTG3"
NW_017852928.1,551020,"NW_017852928.1 Homo sapiens chromosome 1 genomic patch of type NOVEL, GRCh38.p14 PATCHES HSCHR1_6_CTG3"
NW_009646196.1,122022,"NW_009646196.1 Homo sapiens chromosome 1 genomic patch of type FIX, GRCh38.p14 PATCHES HG2104_PATCH"
NW_025791753.1,516764,"NW_025791753.1 Homo sapiens chromosome 1 genomic patch of type NOVEL, GRCh38.p14 PATCHES HSCHR1_12_CTG3"
NW_025791758.1,211934,"NW_025791758.1 Homo sapiens chromosome 1 genomic patch of type FIX, GRCh38.p14 PATCHES HG2515_PATCH"
NW_025791759.1,250447,"NW_025791759.1 Homo sapiens chromosome 1 genomic patch of type FIX, GRCh38.p14 PATCHES HG2577_PATCH"
NW_025791754.1,847441,"NW_025791754.1 Homo sapiens chromosome 1 genomic patch of type NOVEL, GRCh38.p14 PATCHES HSCHR1_5_CTG31"
NW_011332687.1,460100,"NW_011332687.1 Homo sapiens chromosome 1 genomic patch of type FIX, GRCh38.p14 PATCHES HG1832_PATCH"
NW_018654708.1,330031,"NW_018654708.1 Homo sapiens chromosome 1 genomic patch of type FIX, GRCh38.p14 PATCHES HG2002_PATCH"
NW_014040927.1,212205,"NW_014040927.1 Homo sapiens chromosome 1 genomic patch of type NOVEL, GRCh38.p14 PATCHES HSCHR1_5_CTG32_1"
NW_025791757.1,210426,"NW_025791757.1 Homo sapiens chromosome 1 genomic patch of type FIX, GRCh38.p14 PATCHES HG2571_PATCH"
NW_025791755.1,335159,"NW_025791755.1 Homo sapiens chromosome 1 genomic patch of type NOVEL, GRCh38.p14 PATCHES HSCHR1_6_CTG31"
NW_021159988.1,84043,"NW_021159988.1 Homo sapiens chromosome 2 genomic patch of type FIX, GRCh38.p14 PATCHES HG1384_PATCH"
NW_025791767.1,244725,"NW_025791767.1 Homo sapiens chromosome 2 genomic patch of type FIX, GRCh38.p14 PATCHES HG2231_HG2496_PATCH"
NW_025791768.1,174385,"NW_025791768.1 Homo sapiens chromosome 2 genomic patch of type FIX, GRCh38.p14 PATCHES HG2140_PATCH"
NW_025791766.1,489404,"NW_025791766.1 Homo sapiens chromosome 2 genomic patch of type FIX, GRCh38.p14 PATCHES HG2052_PATCH"
NW_025791763.1,284971,"NW_025791763.1 Homo sapiens chromosome 2 genomic patch of type NOVEL, GRCh38.p14 PATCHES HSCHR2_6_CTG1"
NW_012132915.1,481245,"NW_012132915.1 Homo sapiens chromosome 2 genomic patch of type FIX, GRCh38.p14 PATCHES HG2290_PATCH"
NW_025791760.1,431782,"NW_025791760.1 Homo sapiens chromosome 2 genomic patch of type NOVEL, GRCh38.p14 PATCHES HSCHR2_10_CTG7_2"
NW_025791765.1,955087,"NW_025791765.1 Homo sapiens chromosome 2 genomic patch of type FIX, GRCh38.p14 PATCHES HG2275_PATCH"
NW_018654709.1,181658,"NW_018654709.1 Homo sapiens chromosome 2 genomic patch of type NOVEL, GRCh38.p14 PATCHES HSCHR2_7_CTG7_2"
NW_025791762.1,500581,"NW_025791762.1 Homo sapiens chromosome 2 genomic patch of type NOVEL, GRCh38.p14 PATCHES HSCHR2_12_CTG7_2"
NW_025791761.1,535251,"NW_025791761.1 Homo sapiens chromosome 2 genomic patch of type NOVEL, GRCh38.p14 PATCHES HSCHR2_11_CTG7_2"
NW_025791764.1,120381,"NW_025791764.1 Homo sapiens chromosome 2 genomic patch of type FIX, GRCh38.p14 PATCHES HG2494_PATCH"
NW_015495299.1,535088,"NW_015495299.1 Homo sapiens chromosome 2 genomic patch of type NOVEL, GRCh38.p14 PATCHES HSCHR2_6_CTG7_2"
NW_018654710.1,140361,"NW_018654710.1 Homo sapiens chromosome 2 genomic patch of type NOVEL, GRCh38.p14 PATCHES HSCHR2_8_CTG7_2"
NW_011332690.1,365499,"NW_011332690.1 Homo sapiens chromosome 2 genomic patch of type FIX, GRCh38.p14 PATCHES HG2232_PATCH"
NW_021159987.1,145975,"NW_021159987.1 Homo sapiens chromosome 2 genomic patch of type FIX, GRCh38.p14 PATCHES HG721_PATCH"
NW_011332689.1,208149,"NW_011332689.1 Homo sapiens chromosome 2 genomic patch of type FIX, GRCh38.p14 PATCHES HG2233_PATCH"
NW_017363813.1,411654,"NW_017363813.1 Homo sapiens chromosome 3 genomic patch of type FIX, GRCh38.p14 PATCHES HG2236_PATCH"
NW_025791770.1,301310,"NW_025791770.1 Homo sapiens chromosome 3 genomic patch of type FIX, GRCh38.p14 PATCHES HG2077_PATCH"
NW_025791771.1,475876,"NW_025791771.1 Homo sapiens chromosome 3 genomic patch of type FIX, GRCh38.p14 PATCHES HG2069_PATCH"
NW_009646197.1,451168,"NW_009646197.1 Homo sapiens chromosome 3 genomic patch of type FIX, GRCh38.p14 PATCHES HG2066_PATCH"
NW_012132916.1,373699,"NW_012132916.1 Homo sapiens chromosome 3 genomic patch of type FIX, GRCh38.p14 PATCHES HG2235_PATCH"
NW_011332691.1,415308,"NW_011332691.1 Homo sapiens chromosome 3 genomic patch of type FIX, GRCh38.p14 PATCHES HG126_PATCH"
NW_021159989.1,215443,"NW_021159989.1 Homo sapiens chromosome 3 genomic patch of type NOVEL, GRCh38.p14 PATCHES HSCHR3_5_CTG1"
NW_018654711.1,175849,"NW_018654711.1 Homo sapiens chromosome 3 genomic patch of type NOVEL, GRCh38.p14 PATCHES HSCHR3_4_CTG1"
NW_012132917.1,165718,"NW_012132917.1 Homo sapiens chromosome 3 genomic patch of type FIX, GRCh38.p14 PATCHES HG2237_PATCH"
NW_009646198.1,305979,"NW_009646198.1 Homo sapiens chromosome 3 genomic patch of type FIX, GRCh38.p14 PATCHES HG2022_PATCH"
NW_019805491.1,105527,"NW_019805491.1 Homo sapiens chromosome 3 genomic patch of type FIX, GRCh38.p14 PATCHES HG2133_PATCH"
NW_019805492.1,195063,"NW_019805492.1 Homo sapiens chromosome 3 genomic patch of type NOVEL, GRCh38.p14 PATCHES HSCHR3_6_CTG2_1"
NW_019805490.1,302885,"NW_019805490.1 Homo sapiens chromosome 3 genomic patch of type NOVEL, GRCh38.p14 PATCHES HSCHR3_9_CTG2_1"
NW_019805489.1,197752,"NW_019805489.1 Homo sapiens chromosome 3 genomic patch of type NOVEL, GRCh38.p14 PATCHES HSCHR3_8_CTG2_1"
NW_019805488.1,164041,"NW_019805488.1 Homo sapiens chromosome 3 genomic patch of type NOVEL, GRCh38.p14 PATCHES HSCHR3_7_CTG2_1"
NW_025791769.1,469342,"NW_025791769.1 Homo sapiens chromosome 3 genomic patch of type FIX, GRCh38.p14 PATCHES HG2264_PATCH"
NW_021159990.1,235734,"NW_021159990.1 Homo sapiens chromosome 4 genomic patch of type FIX, GRCh38.p14 PATCHES HG699_PATCH"
NW_021159993.1,176674,"NW_021159993.1 Homo sapiens chromosome 4 genomic patch of type FIX, GRCh38.p14 PATCHES HG1298_PATCH"
NW_013171799.1,90922,"NW_013171799.1 Homo sapiens chromosome 4 genomic patch of type NOVEL, GRCh38.p14 PATCHES HSCHR4_2_CTG4"
NW_025791774.1,205691,"NW_025791774.1 Homo sapiens chromosome 4 genomic patch of type FIX, GRCh38.p14 PATCHES HG287_PATCH"
NW_021159992.1,53476,"NW_021159992.1 Homo sapiens chromosome 4 genomic patch of type FIX, GRCh38.p14 PATCHES HG1299_PATCH"
NW_021159994.1,125549,"NW_021159994.1 Homo sapiens chromosome 4 genomic patch of type FIX, GRCh38.p14 PATCHES HG1296_PATCH"
NW_021159991.1,341066,"NW_021159991.1 Homo sapiens chromosome 4 genomic patch of type FIX, GRCh38.p14 PATCHES HG2525_PATCH"
NW_021159995.1,276109,"NW_021159995.1 Homo sapiens chromosome 4 genomic patch of type FIX, GRCh38.p14 PATCHES HG705_PATCH"
NW_013171800.1,163749,"NW_013171800.1 Homo sapiens chromosome 4 genomic patch of type NOVEL, GRCh38.p14 PATCHES HSCHR4_8_CTG12"
NW_013171801.1,236512,"NW_013171801.1 Homo sapiens chromosome 4 genomic patch of type NOVEL, GRCh38.p14 PATCHES HSCHR4_9_CTG12"
NW_025791772.1,308682,"NW_025791772.1 Homo sapiens chromosome 4 genomic patch of type NOVEL, GRCh38.p14 PATCHES HSCHR4_2_CTG8_1"
NW_017363814.1,420675,"NW_017363814.1 Homo sapiens chromosome 4 genomic patch of type NOVEL, GRCh38.p14 PATCHES HSCHR4_12_CTG12"
NW_025791773.1,113364,"NW_025791773.1 Homo sapiens chromosome 4 genomic patch of type FIX, GRCh38.p14 PATCHES HG2155_PATCH"
NW_015495301.1,205407,"NW_015495301.1 Homo sapiens chromosome 4 genomic patch of type NOVEL, GRCh38.p14 PATCHES HSCHR4_11_CTG12"
NW_015495300.1,230434,"NW_015495300.1 Homo sapiens chromosome 4 genomic patch of type FIX, GRCh38.p14 PATCHES HG2023_PATCH"
NW_025791777.1,2101585,"NW_025791777.1 Homo sapiens chromosome 5 genomic patch of type FIX, GRCh38.p14 PATCHES HG2405_PATCH"
NW_018654712.1,135987,"NW_018654712.1 Homo sapiens chromosome 5 genomic patch of type NOVEL, GRCh38.p14 PATCHES HSCHR5_9_CTG1"
NW_025791776.1,208405,"NW_025791776.1 Homo sapiens chromosome 5 genomic patch of type FIX, GRCh38.p14 PATCHES HG2476_PATCH"
NW_009646199.1,139087,"NW_009646199.1 Homo sapiens chromosome 5 genomic patch of type NOVEL, GRCh38.p14 PATCHES HSCHR5_7_CTG1"
NW_016107297.1,362221,"NW_016107297.1 Homo sapiens chromosome 5 genomic patch of type NOVEL, GRCh38.p14 PATCHES HSCHR5_8_CTG1"
NW_025791779.1,302485,"NW_025791779.1 Homo sapiens chromosome 5 genomic patch of type NOVEL, GRCh38.p14 PATCHES HSCHR5_10_CTG1"
NW_021159996.1,89956,"NW_021159996.1 Homo sapiens chromosome 5 genomic patch of type FIX, GRCh38.p14 PATCHES HG1395_PATCH"
NW_025791778.1,508332,"NW_025791778.1 Homo sapiens chromosome 5 genomic patch of type FIX, GRCh38.p14 PATCHES HG2308_PATCH"
NW_016107298.1,673059,"NW_016107298.1 Homo sapiens chromosome 5 genomic patch of type FIX, GRCh38.p14 PATCHES HG30_PATCH"
NW_025791775.1,34400,"NW_025791775.1 Homo sapiens chromosome 5 genomic patch of type FIX, GRCh38.p14 PATCHES HG1046_PATCH"
NW_018654713.1,242796,"NW_018654713.1 Homo sapiens chromosome 6 genomic patch of type FIX, GRCh38.p14 PATCHES HG2057_PATCH"
NW_013171803.1,82315,"NW_013171803.1 Homo sapiens chromosome 6 genomic patch of type NOVEL, GRCh38.p14 PATCHES HSCHR6_1_CTG10"
NW_025791780.1,383128,"NW_025791780.1 Homo sapiens chromosome 6 genomic patch of type NOVEL, GRCh38.p14 PATCHES HSCHR6_1_CTG1"
NW_012132918.1,320750,"NW_012132918.1 Homo sapiens chromosome 6 genomic patch of type FIX, GRCh38.p14 PATCHES HG1651_PATCH"
NW_009646200.1,268330,"NW_009646200.1 Homo sapiens chromosome 6 genomic patch of type FIX, GRCh38.p14 PATCHES HG2128_PATCH"
NW_013171802.1,245716,"NW_013171802.1 Homo sapiens chromosome 6 genomic patch of type FIX, GRCh38.p14 PATCHES HG2072_PATCH"
NW_017363815.1,139427,"NW_017363815.1 Homo sapiens chromosome 6 genomic patch of type FIX, GRCh38.p14 PATCHES HG2121_PATCH"
NW_021159997.1,73265,"NW_021159997.1 Homo sapiens chromosome 6 genomic patch of type FIX, GRCh38.p14 PATCHES HG563_PATCH"
NW_021159998.1,254759,"NW_021159998.1 Homo sapiens chromosome 7 genomic patch of type FIX, GRCh38.p14 PATCHES HG1309_PATCH"
NW_019805493.1,172555,"NW_019805493.1 Homo sapiens chromosome 7 genomic patch of type NOVEL, GRCh38.p14 PATCHES HSCHR7_3_CTG1"
NW_025791781.1,464417,"NW_025791781.1 Homo sapiens chromosome 7 genomic patch of type NOVEL, GRCh38.p14 PATCHES HSCHR7_4_CTG1"
NW_017852929.1,142129,"NW_017852929.1 Homo sapiens chromosome 7 genomic patch of type FIX, GRCh38.p14 PATCHES HG2088_PATCH"
NW_017852930.1,468267,"NW_017852930.1 Homo sapiens chromosome 7 genomic patch of type FIX, GRCh38.p14 PATCHES HG2266_PATCH"
NW_018654714.1,589656,"NW_018654714.1 Homo sapiens chromosome 7 genomic patch of type FIX, GRCh38.p14 PATCHES HG708_PATCH"
NW_018654715.1,680662,"NW_018654715.1 Homo sapiens chromosome 7 genomic patch of type NOVEL, GRCh38.p14 PATCHES HSCHR7_3_CTG4_4"
NW_012132919.1,179932,"NW_012132919.1 Homo sapiens chromosome 7 genomic patch of type FIX, GRCh38.p14 PATCHES HG2239_PATCH"
NW_025791785.1,429744,"NW_025791785.1 Homo sapiens chromosome 8 genomic patch of type FIX, GRCh38.p14 PATCHES HG2267_PATCH"
NW_018654717.1,6367528,"NW_018654717.1 Homo sapiens chromosome 8 genomic patch of type FIX, GRCh38.p14 PATCHES HG76_PATCH"
NW_017852932.1,265876,"NW_017852932.1 Homo sapiens chromosome 8 genomic patch of type FIX, GRCh38.p14 PATCHES HG2068_PATCH"
NW_025791782.1,150302,"NW_025791782.1 Homo sapiens chromosome 8 genomic patch of type FIX, GRCh38.p14 PATCHES HG2176_PATCH"
NW_017852931.1,156998,"NW_017852931.1 Homo sapiens chromosome 8 genomic patch of type FIX, GRCh38.p14 PATCHES HG2067_PATCH"
NW_025791784.1,106905,"NW_025791784.1 Homo sapiens chromosome 8 genomic patch of type FIX, GRCh38.p14 PATCHES HG2408_PATCH"
NW_019805494.1,103072,"NW_019805494.1 Homo sapiens chromosome 8 genomic patch of type NOVEL, GRCh38.p14 PATCHES HSCHR8_7_CTG7"
NW_025791786.1,207371,"NW_025791786.1 Homo sapiens chromosome 8 genomic patch of type FIX, GRCh38.p14 PATCHES HG2031_PATCH"
NW_018654716.1,165120,"NW_018654716.1 Homo sapiens chromosome 8 genomic patch of type FIX, GRCh38.p14 PATCHES HG2419_PATCH"
NW_025791783.1,39290,"NW_025791783.1 Homo sapiens chromosome 8 genomic patch of type FIX, GRCh38.p14 PATCHES HG1047_PATCH"
NW_013171804.1,163882,"NW_013171804.1 Homo sapiens chromosome 9 genomic patch of type NOVEL, GRCh38.p14 PATCHES HSCHR9_1_CTG6"
NW_013171805.1,134099,"NW_013171805.1 Homo sapiens chromosome 9 genomic patch of type NOVEL, GRCh38.p14 PATCHES HSCHR9_1_CTG7"
NW_025791789.1,569668,"NW_025791789.1 Homo sapiens chromosome 9 genomic patch of type FIX, GRCh38.p14 PATCHES HG1206_PATCH"
NW_025791787.1,340717,"NW_025791787.1 Homo sapiens chromosome 9 genomic patch of type FIX, GRCh38.p14 PATCHES HG2158_PATCH"
NW_025791788.1,482250,"NW_025791788.1 Homo sapiens chromosome 9 genomic patch of type FIX, GRCh38.p14 PATCHES HG1012_PATCH"
NW_009646201.1,330164,"NW_009646201.1 Homo sapiens chromosome 9 genomic patch of type FIX, GRCh38.p14 PATCHES HG2030_PATCH"
NW_021159999.1,25408,"NW_021159999.1 Homo sapiens chromosome 9 genomic patch of type FIX, GRCh38.p14 PATCHES HG613_PATCH"
NW_021160000.1,454963,"NW_021160000.1 Homo sapiens chromosome 10 genomic patch of type FIX, GRCh38.p14 PATCHES HG545_PATCH"
NW_011332694.1,420164,"NW_011332694.1 Homo sapiens chromosome 10 genomic patch of type FIX, GRCh38.p14 PATCHES HG2244_HG2245_PATCH"
NW_021160001.1,292944,"NW_021160001.1 Homo sapiens chromosome 10 genomic patch of type FIX, GRCh38.p14 PATCHES HG1277_PATCH"
NW_013171806.1,185507,"NW_013171806.1 Homo sapiens chromosome 10 genomic patch of type NOVEL, GRCh38.p14 PATCHES HSCHR10_1_CTG6"
NW_009646202.1,277797,"NW_009646202.1 Homo sapiens chromosome 10 genomic patch of type FIX, GRCh38.p14 PATCHES HG2191_PATCH"
NW_013171807.1,264545,"NW_013171807.1 Homo sapiens chromosome 10 genomic patch of type FIX, GRCh38.p14 PATCHES HG2334_PATCH"
NW_025791790.1,196262,"NW_025791790.1 Homo sapiens chromosome 10 genomic patch of type FIX, GRCh38.p14 PATCHES HG2576_PATCH"
NW_011332693.1,85284,"NW_011332693.1 Homo sapiens chromosome 10 genomic patch of type FIX, GRCh38.p14 PATCHES HG2242_HG2243_PATCH"
NW_011332692.1,14347,"NW_011332692.1 Homo sapiens chromosome 10 genomic patch of type FIX, GRCh38.p14 PATCHES HG2241_PATCH"
NW_015148966.2,204999,"NW_015148966.2 Homo sapiens chromosome 11 genomic patch of type FIX, GRCh38.p14 PATCHES HG107_HG2565_PATCH"
NW_025791792.1,434831,"NW_025791792.1 Homo sapiens chromosome 11 genomic patch of type FIX, GRCh38.p14 PATCHES HG152_PATCH"
NW_021160004.1,270122,"NW_021160004.1 Homo sapiens chromosome 11 genomic patch of type FIX, GRCh38.p14 PATCHES HG28_PATCH"
NW_025791794.1,122722,"NW_025791794.1 Homo sapiens chromosome 11 genomic patch of type FIX, GRCh38.p14 PATCHES HG2578_PATCH"
NW_011332695.1,203552,"NW_011332695.1 Homo sapiens chromosome 11 genomic patch of type NOVEL, GRCh38.p14 PATCHES HSCHR11_1_CTG1_2"
NW_021160006.1,170928,"NW_021160006.1 Homo sapiens chromosome 11 genomic patch of type FIX, GRCh38.p14 PATCHES HG2111_PATCH"
NW_019805496.1,279644,"NW_019805496.1 Homo sapiens chromosome 11 genomic patch of type FIX, GRCh38.p14 PATCHES HG2114_PATCH"
NW_019805495.1,305244,"NW_019805495.1 Homo sapiens chromosome 11 genomic patch of type FIX, GRCh38.p14 PATCHES HG2060_PATCH"
NW_017363816.1,140877,"NW_017363816.1 Homo sapiens chromosome 11 genomic patch of type FIX, GRCh38.p14 PATCHES HG1708_PATCH"
NW_025791793.1,344606,"NW_025791793.1 Homo sapiens chromosome 11 genomic patch of type FIX, GRCh38.p14 PATCHES HG2568_PATCH"
NW_019805498.1,181167,"NW_019805498.1 Homo sapiens chromosome 11 genomic patch of type NOVEL, GRCh38.p14 PATCHES HSCHR11_1_CTG3_1"
NW_021160005.1,217075,"NW_021160005.1 Homo sapiens chromosome 11 genomic patch of type FIX, GRCh38.p14 PATCHES HG2115_PATCH"
NW_021160003.1,165419,"NW_021160003.1 Homo sapiens chromosome 11 genomic patch of type FIX, GRCh38.p14 PATCHES HG1445_PATCH"
NW_019805497.1,301637,"NW_019805497.1 Homo sapiens chromosome 11 genomic patch of type NOVEL, GRCh38.p14 PATCHES HSCHR11_2_CTG8"
NW_013171808.1,181958,"NW_013171808.1 Homo sapiens chromosome 11 genomic patch of type FIX, GRCh38.p14 PATCHES HG2116_PATCH"
NW_021160002.1,45257,"NW_021160002.1 Homo sapiens chromosome 11 genomic patch of type FIX, GRCh38.p14 PATCHES HG1521_PATCH"
NW_025791791.1,261194,"NW_025791791.1 Homo sapiens chromosome 11 genomic patch of type NOVEL, GRCh38.p14 PATCHES HSCHR11_2_CTG3_1"
NW_009646203.1,108875,"NW_009646203.1 Homo sapiens chromosome 11 genomic patch of type FIX, GRCh38.p14 PATCHES HG2217_PATCH"
NW_013171809.1,109323,"NW_013171809.1 Homo sapiens chromosome 12 genomic patch of type NOVEL, GRCh38.p14 PATCHES HSCHR12_2_CTG1"
NW_018654718.1,1046838,"NW_018654718.1 Homo sapiens chromosome 12 genomic patch of type FIX, GRCh38.p14 PATCHES HG1815_PATCH"
NW_021160008.1,192531,"NW_021160008.1 Homo sapiens chromosome 12 genomic patch of type FIX, GRCh38.p14 PATCHES HG1398_PATCH"
NW_011332696.1,541038,"NW_011332696.1 Homo sapiens chromosome 12 genomic patch of type FIX, GRCh38.p14 PATCHES HG1362_PATCH"
NW_009646204.1,211377,"NW_009646204.1 Homo sapiens chromosome 12 genomic patch of type FIX, GRCh38.p14 PATCHES HG23_PATCH"
NW_025791795.1,104537,"NW_025791795.1 Homo sapiens chromosome 12 genomic patch of type FIX, GRCh38.p14 PATCHES HG2554_PATCH"
NW_018654720.1,174808,"NW_018654720.1 Homo sapiens chromosome 12 genomic patch of type NOVEL, GRCh38.p14 PATCHES HSCHR12_8_CTG2_1"
NW_015148967.1,315610,"NW_015148967.1 Homo sapiens chromosome 12 genomic patch of type FIX, GRCh38.p14 PATCHES HG2063_PATCH"
NW_018654719.1,64689,"NW_018654719.1 Homo sapiens chromosome 12 genomic patch of type FIX, GRCh38.p14 PATCHES HG2047_PATCH"
NW_011332697.1,86533,"NW_011332697.1 Homo sapiens chromosome 12 genomic patch of type FIX, GRCh38.p14 PATCHES HG2247_PATCH"
NW_019805499.1,154139,"NW_019805499.1 Homo sapiens chromosome 12 genomic patch of type NOVEL, GRCh38.p14 PATCHES HSCHR12_9_CTG2_1"
NW_021160007.1,297568,"NW_021160007.1 Homo sapiens chromosome 12 genomic patch of type FIX, GRCh38.p14 PATCHES HG2246_HG2248_HG2276_PATCH"
NW_021160012.1,409912,"NW_021160012.1 Homo sapiens chromosome 13 genomic patch of type FIX, GRCh38.p14 PATCHES HG2509_PATCH"
NW_011332699.1,356766,"NW_011332699.1 Homo sapiens chromosome 13 genomic patch of type FIX, GRCh38.p14 PATCHES HG2291_PATCH"
NW_013171810.1,168146,"NW_013171810.1 Homo sapiens chromosome 13 genomic patch of type NOVEL, GRCh38.p14 PATCHES HSCHR13_1_CTG7"
NW_021160009.1,7309,"NW_021160009.1 Homo sapiens chromosome 13 genomic patch of type FIX, GRCh38.p14 PATCHES HG1817_1_PATCH"
NW_009646205.1,35455,"NW_009646205.1 Homo sapiens chromosome 13 genomic patch of type FIX, GRCh38.p14 PATCHES HG2216_PATCH"
NW_011332700.1,148762,"NW_011332700.1 Homo sapiens chromosome 13 genomic patch of type FIX, GRCh38.p14 PATCHES HG2249_PATCH"
NW_013171811.1,123480,"NW_013171811.1 Homo sapiens chromosome 13 genomic patch of type NOVEL, GRCh38.p14 PATCHES HSCHR13_1_CTG8"
NW_021160010.1,158944,"NW_021160010.1 Homo sapiens chromosome 13 genomic patch of type FIX, GRCh38.p14 PATCHES HG1523_PATCH"
NW_021160011.1,65394,"NW_021160011.1 Homo sapiens chromosome 13 genomic patch of type FIX, GRCh38.p14 PATCHES HG1524_PATCH"
NW_011332698.1,206320,"NW_011332698.1 Homo sapiens chromosome 13 genomic patch of type FIX, GRCh38.p14 PATCHES HG2288_HG2289_PATCH"
NW_021160013.1,399183,"NW_021160013.1 Homo sapiens chromosome 14 genomic patch of type FIX, GRCh38.p14 PATCHES HG2510_PATCH"
NW_025791796.1,722645,"NW_025791796.1 Homo sapiens chromosome 14 genomic patch of type FIX, GRCh38.p14 PATCHES HG2526_HG2573_PATCH"
NW_018654722.1,690932,"NW_018654722.1 Homo sapiens chromosome 14 genomic patch of type FIX, GRCh38.p14 PATCHES HG1_PATCH"
NW_021160014.1,264228,"NW_021160014.1 Homo sapiens chromosome 14 genomic patch of type NOVEL, GRCh38.p14 PATCHES HSCHR14_9_CTG1"
NW_018654721.1,171798,"NW_018654721.1 Homo sapiens chromosome 14 genomic patch of type NOVEL, GRCh38.p14 PATCHES HSCHR14_8_CTG1"
NW_011332701.1,4998962,"NW_011332701.1 Homo sapiens chromosome 15 genomic patch of type FIX, GRCh38.p14 PATCHES HG2139_PATCH"
NW_021160018.1,396515,"NW_021160018.1 Homo sapiens chromosome 15 genomic patch of type FIX, GRCh38.p14 PATCHES HG2511_PATCH"
NW_021160017.1,5500449,"NW_021160017.1 Homo sapiens chromosome 15 genomic patch of type FIX, GRCh38.p14 PATCHES HG2365_PATCH"
NW_012132920.1,2365364,"NW_012132920.1 Homo sapiens chromosome 15 genomic patch of type NOVEL, GRCh38.p14 PATCHES HSCHR15_6_CTG8"
NW_025791798.1,204007,"NW_025791798.1 Homo sapiens chromosome 15 genomic patch of type NOVEL, GRCh38.p14 PATCHES HSCHR15_9_CTG8"
NW_021160016.1,369264,"NW_021160016.1 Homo sapiens chromosome 15 genomic patch of type FIX, GRCh38.p14 PATCHES HG2198_PATCH"
NW_025791797.1,1154574,"NW_025791797.1 Homo sapiens chromosome 15 genomic patch of type FIX, GRCh38.p14 PATCHES HG2280_PATCH"
NW_021160015.1,97763,"NW_021160015.1 Homo sapiens chromosome 15 genomic patch of type FIX, GRCh38.p14 PATCHES HG2499_PATCH"
NW_025791799.1,87715,"NW_025791799.1 Homo sapiens chromosome 16 genomic patch of type FIX, GRCh38.p14 PATCHES HG401_PATCH"
NW_013171812.1,59016,"NW_013171812.1 Homo sapiens chromosome 16 genomic patch of type NOVEL, GRCh38.p14 PATCHES HSCHR16_5_CTG1"
NW_019805500.1,480415,"NW_019805500.1 Homo sapiens chromosome 16 genomic patch of type FIX, GRCh38.p14 PATCHES HG2263_PATCH"
NW_017852933.1,1927115,"NW_017852933.1 Homo sapiens chromosome 16 genomic patch of type FIX, GRCh38.p14 PATCHES HG926_PATCH"
NW_021160019.1,270967,"NW_021160019.1 Homo sapiens chromosome 16 genomic patch of type FIX, GRCh38.p14 PATCHES HG2471_PATCH"
NW_013171813.1,267463,"NW_013171813.1 Homo sapiens chromosome 16 genomic patch of type NOVEL, GRCh38.p14 PATCHES HSCHR16_4_CTG3_1"
NW_018654723.1,78609,"NW_018654723.1 Homo sapiens chromosome 16 genomic patch of type NOVEL, GRCh38.p14 PATCHES HSCHR16_5_CTG3_1"
NW_012132921.1,169136,"NW_012132921.1 Homo sapiens chromosome 16 genomic patch of type NOVEL, GRCh38.p14 PATCHES HSCHR16_3_CTG3_1"
NW_025791800.1,334997,"NW_025791800.1 Homo sapiens chromosome 16 genomic patch of type FIX, GRCh38.p14 PATCHES HG405_PATCH"
NW_017363817.1,281919,"NW_017363817.1 Homo sapiens chromosome 17 genomic patch of type FIX, GRCh38.p14 PATCHES HG2285_HG106_HG2252_PATCH"
NW_021160020.1,137908,"NW_021160020.1 Homo sapiens chromosome 17 genomic patch of type FIX, GRCh38.p14 PATCHES HG2087_PATCH"
NW_016107299.1,154723,"NW_016107299.1 Homo sapiens chromosome 17 genomic patch of type FIX, GRCh38.p14 PATCHES HG2046_PATCH"
NW_017363819.1,276292,"NW_017363819.1 Homo sapiens chromosome 17 genomic patch of type NOVEL, GRCh38.p14 PATCHES HSCHR17_3_CTG1"
NW_025791803.1,538541,"NW_025791803.1 Homo sapiens chromosome 17 genomic patch of type FIX, GRCh38.p14 PATCHES HG2407_PATCH"
NW_025791801.1,372839,"NW_025791801.1 Homo sapiens chromosome 17 genomic patch of type NOVEL, GRCh38.p14 PATCHES HSCHR17_13_CTG4"
NW_017363818.1,246895,"NW_017363818.1 Homo sapiens chromosome 17 genomic patch of type NOVEL, GRCh38.p14 PATCHES HSCHR17_11_CTG4"
NW_019805501.1,116753,"NW_019805501.1 Homo sapiens chromosome 17 genomic patch of type NOVEL, GRCh38.p14 PATCHES HSCHR17_12_CTG4"
NW_025791806.1,172609,"NW_025791806.1 Homo sapiens chromosome 17 genomic patch of type FIX, GRCh38.p14 PATCHES HG2580_PATCH"
NW_025791802.1,234878,"NW_025791802.1 Homo sapiens chromosome 17 genomic patch of type FIX, GRCh38.p14 PATCHES HG2118_PATCH"
NW_025791805.1,187626,"NW_025791805.1 Homo sapiens chromosome 17 genomic patch of type FIX, GRCh38.p14 PATCHES HG1369_PATCH"
NW_021160021.1,56695,"NW_021160021.1 Homo sapiens chromosome 17 genomic patch of type FIX, GRCh38.p14 PATCHES HG1320_PATCH"
NW_025791804.1,144689,"NW_025791804.1 Homo sapiens chromosome 17 genomic patch of type FIX, GRCh38.p14 PATCHES HG2251_PATCH"
NW_019805503.1,163186,"NW_019805503.1 Homo sapiens chromosome 18 genomic patch of type NOVEL, GRCh38.p14 PATCHES HSCHR18_1_CTG1"
NW_014040928.1,205101,"NW_014040928.1 Homo sapiens chromosome 18 genomic patch of type NOVEL, GRCh38.p14 PATCHES HSCHR18_5_CTG1_1"
NW_019805502.1,230843,"NW_019805502.1 Homo sapiens chromosome 18 genomic patch of type FIX, GRCh38.p14 PATCHES HG2412_PATCH"
NW_013171814.1,407387,"NW_013171814.1 Homo sapiens chromosome 18 genomic patch of type FIX, GRCh38.p14 PATCHES HG2213_PATCH"
NW_018654724.1,93070,"NW_018654724.1 Homo sapiens chromosome 18 genomic patch of type FIX, GRCh38.p14 PATCHES HG2442_PATCH"
NW_025791809.1,226166,"NW_025791809.1 Homo sapiens chromosome 19 genomic patch of type FIX, GRCh38.p14 PATCHES HG2469_PATCH"
NW_025791810.1,89211,"NW_025791810.1 Homo sapiens chromosome 19 genomic patch of type NOVEL, GRCh38.p14 PATCHES HSCHR19_6_CTG2"
NW_025791807.1,333754,"NW_025791807.1 Homo sapiens chromosome 19 genomic patch of type FIX, GRCh38.p14 PATCHES HG2461_PATCH"
NW_021160022.1,493165,"NW_021160022.1 Homo sapiens chromosome 19 genomic patch of type FIX, GRCh38.p14 PATCHES HG109_PATCH"
NW_014040929.1,405389,"NW_014040929.1 Homo sapiens chromosome 19 genomic patch of type FIX, GRCh38.p14 PATCHES HG26_PATCH"
NW_025791808.1,137818,"NW_025791808.1 Homo sapiens chromosome 19 genomic patch of type FIX, GRCh38.p14 PATCHES HG2569_PATCH"
NW_009646206.1,370917,"NW_009646206.1 Homo sapiens chromosome 19 genomic patch of type FIX, GRCh38.p14 PATCHES HG2021_PATCH"
NW_016107300.1,163926,"NW_016107300.1 Homo sapiens chromosome 19 genomic patch of type NOVEL, GRCh38.p14 PATCHES HSCHR19KIR_0019-4656-A_CTG3_1"
NW_016107301.1,170206,"NW_016107301.1 Homo sapiens chromosome 19 genomic patch of type NOVEL, GRCh38.p14 PATCHES HSCHR19KIR_CA01-TA01_1_CTG3_1"
NW_016107302.1,168131,"NW_016107302.1 Homo sapiens chromosome 19 genomic patch of type NOVEL, GRCh38.p14 PATCHES HSCHR19KIR_CA01-TA01_2_CTG3_1"
NW_016107303.1,293522,"NW_016107303.1 Homo sapiens chromosome 19 genomic patch of type NOVEL, GRCh38.p14 PATCHES HSCHR19KIR_CA01-TB04_CTG3_1"
NW_016107304.1,241058,"NW_016107304.1 Homo sapiens chromosome 19 genomic patch of type NOVEL, GRCh38.p14 PATCHES HSCHR19KIR_CA01-TB01_CTG3_1"
NW_016107305.1,159285,"NW_016107305.1 Homo sapiens chromosome 19 genomic patch of type NOVEL, GRCh38.p14 PATCHES HSCHR19KIR_HG2394_CTG3_1"
NW_016107306.1,178197,"NW_016107306.1 Homo sapiens chromosome 19 genomic patch of type NOVEL, GRCh38.p14 PATCHES HSCHR19KIR_502960008-2_CTG3_1"
NW_016107307.1,166713,"NW_016107307.1 Homo sapiens chromosome 19 genomic patch of type NOVEL, GRCh38.p14 PATCHES HSCHR19KIR_502960008-1_CTG3_1"
NW_016107308.1,99845,"NW_016107308.1 Homo sapiens chromosome 19 genomic patch of type NOVEL, GRCh38.p14 PATCHES HSCHR19KIR_0010-5217-AB_CTG3_1"
NW_016107309.1,161095,"NW_016107309.1 Homo sapiens chromosome 19 genomic patch of type NOVEL, GRCh38.p14 PATCHES HSCHR19KIR_7191059-1_CTG3_1"
NW_016107310.1,223118,"NW_016107310.1 Homo sapiens chromosome 19 genomic patch of type NOVEL, GRCh38.p14 PATCHES HSCHR19KIR_0019-4656-B_CTG3_1"
NW_016107311.1,100553,"NW_016107311.1 Homo sapiens chromosome 19 genomic patch of type NOVEL, GRCh38.p14 PATCHES HSCHR19KIR_CA04_CTG3_1"
NW_016107313.1,171263,"NW_016107313.1 Homo sapiens chromosome 19 genomic patch of type NOVEL, GRCh38.p14 PATCHES HSCHR19KIR_7191059-2_CTG3_1"
NW_016107314.1,145691,"NW_016107314.1 Homo sapiens chromosome 19 genomic patch of type NOVEL, GRCh38.p14 PATCHES HSCHR19KIR_HG2396_CTG3_1"
NW_016107312.1,156965,"NW_016107312.1 Homo sapiens chromosome 19 genomic patch of type NOVEL, GRCh38.p14 PATCHES HSCHR19KIR_HG2393_CTG3_1"
NW_025791811.1,273725,"NW_025791811.1 Homo sapiens chromosome 20 genomic patch of type FIX, GRCh38.p14 PATCHES HG2225_PATCH"
NW_025791812.1,355731,"NW_025791812.1 Homo sapiens chromosome 20 genomic patch of type FIX, GRCh38.p14 PATCHES HG410_PATCH"
NW_021160023.1,519485,"NW_021160023.1 Homo sapiens chromosome 21 genomic patch of type FIX, GRCh38.p14 PATCHES HG2513_PATCH"
NW_025791813.1,336752,"NW_025791813.1 Homo sapiens chromosome 21 genomic patch of type FIX, GRCh38.p14 PATCHES HG2219_PATCH"
NW_025791814.1,1020778,"NW_025791814.1 Homo sapiens chromosome 21 genomic patch of type FIX, GRCh38.p14 PATCHES HG2265_PATCH"
NW_025791815.1,189707,"NW_025791815.1 Homo sapiens chromosome 21 genomic patch of type FIX, GRCh38.p14 PATCHES HG2521_PATCH"
NW_021160026.1,412368,"NW_021160026.1 Homo sapiens chromosome 22 genomic patch of type FIX, GRCh38.p14 PATCHES HG2512_PATCH"
NW_021160024.1,461303,"NW_021160024.1 Homo sapiens chromosome 22 genomic patch of type FIX, GRCh38.p14 PATCHES HG1485_PATCH"
NW_009646207.1,156562,"NW_009646207.1 Homo sapiens chromosome 22 genomic patch of type NOVEL, GRCh38.p14 PATCHES HSCHR22_4_CTG1"
NW_014040930.1,155930,"NW_014040930.1 Homo sapiens chromosome 22 genomic patch of type NOVEL, GRCh38.p14 PATCHES HSCHR22_6_CTG1"
NW_014040931.1,174749,"NW_014040931.1 Homo sapiens chromosome 22 genomic patch of type NOVEL, GRCh38.p14 PATCHES HSCHR22_7_CTG1"
NW_009646208.1,153027,"NW_009646208.1 Homo sapiens chromosome 22 genomic patch of type NOVEL, GRCh38.p14 PATCHES HSCHR22_5_CTG1"
NW_015148968.1,145162,"NW_015148968.1 Homo sapiens chromosome 22 genomic patch of type NOVEL, GRCh38.p14 PATCHES HSCHR22_8_CTG1"
NW_021160025.1,12295,"NW_021160025.1 Homo sapiens chromosome 22 genomic patch of type FIX, GRCh38.p14 PATCHES HG494_PATCH"
NW_015148969.2,101040,"NW_015148969.2 Homo sapiens chromosome 22 genomic patch of type FIX, GRCh38.p14 PATCHES HG1311_HG2539_PATCH"
NW_017363820.1,188004,"NW_017363820.1 Homo sapiens chromosome X genomic patch of type NOVEL, GRCh38.p14 PATCHES HSCHRX_3_CTG7"
NW_021160031.1,17435,"NW_021160031.1 Homo sapiens chromosome X genomic patch of type FIX, GRCh38.p14 PATCHES HG1466_PATCH"
NW_025791820.1,330493,"NW_025791820.1 Homo sapiens chromosome X genomic patch of type NOVEL, GRCh38.p14 PATCHES HSCHRX_3_CTG3"
NW_021160028.1,28824,"NW_021160028.1 Homo sapiens chromosome X genomic patch of type FIX, GRCh38.p14 PATCHES HG1506_PATCH"
NW_025791816.1,68810,"NW_025791816.1 Homo sapiens chromosome X genomic patch of type FIX, GRCh38.p14 PATCHES HG2527_PATCH"
NW_021160029.1,68192,"NW_021160029.1 Homo sapiens chromosome X genomic patch of type FIX, GRCh38.p14 PATCHES HG1507_PATCH"
NW_025791817.1,140567,"NW_025791817.1 Homo sapiens chromosome X genomic patch of type FIX, GRCh38.p14 PATCHES HG2541_PATCH"
NW_021160027.1,403128,"NW_021160027.1 Homo sapiens chromosome X genomic patch of type FIX, GRCh38.p14 PATCHES HG439_PATCH"
NW_025791819.1,294119,"NW_025791819.1 Homo sapiens chromosome X genomic patch of type NOVEL, GRCh38.p14 PATCHES HSCHRX_2_CTG14"
NW_021160030.1,14678,"NW_021160030.1 Homo sapiens chromosome X genomic patch of type FIX, GRCh38.p14 PATCHES HG1509_PATCH"
NW_025791818.1,619716,"NW_025791818.1 Homo sapiens chromosome X genomic patch of type NOVEL, GRCh38.p14 PATCHES HSCHRX_1_CTG14"
NW_018654725.1,48370,"NW_018654725.1 Homo sapiens chromosome Y genomic patch of type FIX, GRCh38.p14 PATCHES HG1531_PATCH"
NW_025791821.1,865743,"NW_025791821.1 Homo sapiens chromosome Y genomic patch of type FIX, GRCh38.p14 PATCHES HG1532_PATCH"
NW_018654726.1,209722,"NW_018654726.1 Homo sapiens chromosome Y genomic patch of type FIX, GRCh38.p14 PATCHES HG1535_PATCH"
NW_009646209.1,101150,"NW_009646209.1 Homo sapiens chromosome Y genomic patch of type FIX, GRCh38.p14 PATCHES HG2062_PATCH"
NT_187515.1,354444,"NT_187515.1 Homo sapiens chromosome 1 genomic scaffold, GRCh38.p14 alternate locus group ALT_REF_LOCI_1 HSCHR1_1_CTG3"
NT_187517.1,256271,"NT_187517.1 Homo sapiens chromosome 1 genomic scaffold, GRCh38.p14 alternate locus group ALT_REF_LOCI_1 HSCHR1_2_CTG3"
NT_187514.1,109528,"NT_187514.1 Homo sapiens chromosome 1 genomic scaffold, GRCh38.p14 alternate locus group ALT_REF_LOCI_1 HSCHR1_1_CTG11"
NT_187520.1,185285,"NT_187520.1 Homo sapiens chromosome 1 genomic scaffold, GRCh38.p14 alternate locus group ALT_REF_LOCI_1 HSCHR1_4_CTG31"
NW_003315905.1,182439,"NW_003315905.1 Homo sapiens chromosome 1 genomic scaffold, GRCh38.p14 alternate locus group ALT_REF_LOCI_1 HSCHR1_1_CTG31"
NW_003315906.1,110268,"NW_003315906.1 Homo sapiens chromosome 1 genomic scaffold, GRCh38.p14 alternate locus group ALT_REF_LOCI_1 HSCHR1_2_CTG31"
NW_003315907.2,366580,"NW_003315907.2 Homo sapiens chromosome 1 genomic scaffold, GRCh38.p14 alternate locus group ALT_REF_LOCI_1 HSCHR1_3_CTG31"
NT_187521.1,50258,"NT_187521.1 Homo sapiens chromosome 1 genomic scaffold, GRCh38.p14 alternate locus group ALT_REF_LOCI_1 HSCHR1_4_CTG32_1"
NT_187519.1,911658,"NT_187519.1 Homo sapiens chromosome 1 genomic scaffold, GRCh38.p14 alternate locus group ALT_REF_LOCI_1 HSCHR1_3_CTG32_1"
NT_187516.1,425601,"NT_187516.1 Homo sapiens chromosome 1 genomic scaffold, GRCh38.p14 alternate locus group ALT_REF_LOCI_1 HSCHR1_1_CTG32_1"
NT_187518.1,165834,"NT_187518.1 Homo sapiens chromosome 1 genomic scaffold, GRCh38.p14 alternate locus group ALT_REF_LOCI_1 HSCHR1_2_CTG32_1"
NT_187525.1,136240,"NT_187525.1 Homo sapiens chromosome 2 genomic scaffold, GRCh38.p14 alternate locus group ALT_REF_LOCI_1 HSCHR2_2_CTG1"
NT_187526.1,70887,"NT_187526.1 Homo sapiens chromosome 2 genomic scaffold, GRCh38.p14 alternate locus group ALT_REF_LOCI_1 HSCHR2_3_CTG1"
NT_187529.1,223625,"NT_187529.1 Homo sapiens chromosome 2 genomic scaffold, GRCh38.p14 alternate locus group ALT_REF_LOCI_1 HSCHR2_4_CTG1"
NT_187522.1,120616,"NT_187522.1 Homo sapiens chromosome 2 genomic scaffold, GRCh38.p14 alternate locus group ALT_REF_LOCI_1 HSCHR2_1_CTG1"
NW_003315908.1,143390,"NW_003315908.1 Homo sapiens chromosome 2 genomic scaffold, GRCh38.p14 alternate locus group ALT_REF_LOCI_1 HSCHR2_1_CTG5"
NT_187524.1,133041,"NT_187524.1 Homo sapiens chromosome 2 genomic scaffold, GRCh38.p14 alternate locus group ALT_REF_LOCI_1 HSCHR2_1_CTG7"
NT_187531.1,138019,"NT_187531.1 Homo sapiens chromosome 2 genomic scaffold, GRCh38.p14 alternate locus group ALT_REF_LOCI_1 HSCHR2_5_CTG7_2"
NT_187530.1,110395,"NT_187530.1 Homo sapiens chromosome 2 genomic scaffold, GRCh38.p14 alternate locus group ALT_REF_LOCI_1 HSCHR2_4_CTG7_2"
NT_187528.1,110099,"NT_187528.1 Homo sapiens chromosome 2 genomic scaffold, GRCh38.p14 alternate locus group ALT_REF_LOCI_1 HSCHR2_3_CTG7_2"
NW_003571033.2,96131,"NW_003571033.2 Homo sapiens chromosome 2 genomic scaffold, GRCh38.p14 alternate locus group ALT_REF_LOCI_1 HSCHR2_2_CTG7_2"
NW_003315909.1,123821,"NW_003315909.1 Homo sapiens chromosome 2 genomic scaffold, GRCh38.p14 alternate locus group ALT_REF_LOCI_1 HSCHR2_1_CTG7_2"
NT_187527.1,174166,"NT_187527.1 Homo sapiens chromosome 2 genomic scaffold, GRCh38.p14 alternate locus group ALT_REF_LOCI_1 HSCHR2_3_CTG15"
NT_187523.1,161578,"NT_187523.1 Homo sapiens chromosome 2 genomic scaffold, GRCh38.p14 alternate locus group ALT_REF_LOCI_1 HSCHR2_1_CTG15"
NW_003871060.2,173151,"NW_003871060.2 Homo sapiens chromosome 3 genomic scaffold, GRCh38.p14 alternate locus group ALT_REF_LOCI_1 HSCHR3_1_CTG1"
NT_187535.1,109187,"NT_187535.1 Homo sapiens chromosome 3 genomic scaffold, GRCh38.p14 alternate locus group ALT_REF_LOCI_1 HSCHR3_3_CTG1"
NT_187537.1,224108,"NT_187537.1 Homo sapiens chromosome 3 genomic scaffold, GRCh38.p14 alternate locus group ALT_REF_LOCI_1 HSCHR3_4_CTG2_1"
NW_003315913.1,180671,"NW_003315913.1 Homo sapiens chromosome 3 genomic scaffold, GRCh38.p14 alternate locus group ALT_REF_LOCI_1 HSCHR3_1_CTG2_1"
NT_187533.1,173649,"NT_187533.1 Homo sapiens chromosome 3 genomic scaffold, GRCh38.p14 alternate locus group ALT_REF_LOCI_1 HSCHR3_2_CTG2_1"
NT_187536.1,248252,"NT_187536.1 Homo sapiens chromosome 3 genomic scaffold, GRCh38.p14 alternate locus group ALT_REF_LOCI_1 HSCHR3_3_CTG2_1"
NT_187538.1,113034,"NT_187538.1 Homo sapiens chromosome 3 genomic scaffold, GRCh38.p14 alternate locus group ALT_REF_LOCI_1 HSCHR3_5_CTG2_1"
NT_187532.1,205312,"NT_187532.1 Homo sapiens chromosome 3 genomic scaffold, GRCh38.p14 alternate locus group ALT_REF_LOCI_1 HSCHR3_1_CTG3"
NT_187534.1,162429,"NT_187534.1 Homo sapiens chromosome 3 genomic scaffold, GRCh38.p14 alternate locus group ALT_REF_LOCI_1 HSCHR3_2_CTG3"
NT_187539.1,184404,"NT_187539.1 Homo sapiens chromosome 3 genomic scaffold, GRCh38.p14 alternate locus group ALT_REF_LOCI_1 HSCHR3_9_CTG3"
NT_187540.1,220246,"NT_187540.1 Homo sapiens chromosome 4 genomic scaffold, GRCh38.p14 alternate locus group ALT_REF_LOCI_1 HSCHR4_1_CTG4"
NW_003315915.1,376187,"NW_003315915.1 Homo sapiens chromosome 4 genomic scaffold, GRCh38.p14 alternate locus group ALT_REF_LOCI_1 HSCHR4_1_CTG6"
NT_187541.1,111943,"NT_187541.1 Homo sapiens chromosome 4 genomic scaffold, GRCh38.p14 alternate locus group ALT_REF_LOCI_1 HSCHR4_1_CTG8_1"
NT_167250.2,586476,"NT_167250.2 Homo sapiens chromosome 4 genomic scaffold, GRCh38.p14 alternate locus group ALT_REF_LOCI_1 HSCHR4_1_CTG9"
NT_187544.1,158965,"NT_187544.1 Homo sapiens chromosome 4 genomic scaffold, GRCh38.p14 alternate locus group ALT_REF_LOCI_1 HSCHR4_4_CTG12"
NW_003315914.1,164536,"NW_003315914.1 Homo sapiens chromosome 4 genomic scaffold, GRCh38.p14 alternate locus group ALT_REF_LOCI_1 HSCHR4_1_CTG12"
NT_187542.1,119912,"NT_187542.1 Homo sapiens chromosome 4 genomic scaffold, GRCh38.p14 alternate locus group ALT_REF_LOCI_1 HSCHR4_2_CTG12"
NT_187545.1,205944,"NT_187545.1 Homo sapiens chromosome 4 genomic scaffold, GRCh38.p14 alternate locus group ALT_REF_LOCI_1 HSCHR4_5_CTG12"
NT_187543.1,244096,"NT_187543.1 Homo sapiens chromosome 4 genomic scaffold, GRCh38.p14 alternate locus group ALT_REF_LOCI_1 HSCHR4_3_CTG12"
NT_187550.1,126136,"NT_187550.1 Homo sapiens chromosome 5 genomic scaffold, GRCh38.p14 alternate locus group ALT_REF_LOCI_1 HSCHR5_5_CTG1"
NT_187548.1,179043,"NT_187548.1 Homo sapiens chromosome 5 genomic scaffold, GRCh38.p14 alternate locus group ALT_REF_LOCI_1 HSCHR5_4_CTG1"
NT_187547.1,195710,"NT_187547.1 Homo sapiens chromosome 5 genomic scaffold, GRCh38.p14 alternate locus group ALT_REF_LOCI_1 HSCHR5_3_CTG1"
NW_003315920.1,82728,"NW_003315920.1 Homo sapiens chromosome 5 genomic scaffold, GRCh38.p14 alternate locus group ALT_REF_LOCI_1 HSCHR5_1_CTG1"
NW_003571036.1,226852,"NW_003571036.1 Homo sapiens chromosome 5 genomic scaffold, GRCh38.p14 alternate locus group ALT_REF_LOCI_1 HSCHR5_2_CTG1"
NT_187551.1,164558,"NT_187551.1 Homo sapiens chromosome 5 genomic scaffold, GRCh38.p14 alternate locus group ALT_REF_LOCI_1 HSCHR5_6_CTG1"
NW_003315917.2,1612928,"NW_003315917.2 Homo sapiens chromosome 5 genomic scaffold, GRCh38.p14 alternate locus group ALT_REF_LOCI_1 HSCHR5_2_CTG1_1"
NW_003315918.1,101241,"NW_003315918.1 Homo sapiens chromosome 5 genomic scaffold, GRCh38.p14 alternate locus group ALT_REF_LOCI_1 HSCHR5_3_CTG1_1"
NT_187549.1,172708,"NT_187549.1 Homo sapiens chromosome 5 genomic scaffold, GRCh38.p14 alternate locus group ALT_REF_LOCI_1 HSCHR5_4_CTG1_1"
NW_003315919.1,173459,"NW_003315919.1 Homo sapiens chromosome 5 genomic scaffold, GRCh38.p14 alternate locus group ALT_REF_LOCI_1 HSCHR5_1_CTG5"
NT_187546.1,131892,"NT_187546.1 Homo sapiens chromosome 5 genomic scaffold, GRCh38.p14 alternate locus group ALT_REF_LOCI_1 HSCHR5_2_CTG5"
NT_167244.2,4672374,"NT_167244.2 Homo sapiens chromosome 6 genomic scaffold, GRCh38.p14 alternate locus group ALT_REF_LOCI_1 HSCHR6_MHC_APD_CTG1"
NT_187555.1,175808,"NT_187555.1 Homo sapiens chromosome 6 genomic scaffold, GRCh38.p14 alternate locus group ALT_REF_LOCI_1 HSCHR6_1_CTG7"
NT_187554.1,152148,"NT_187554.1 Homo sapiens chromosome 6 genomic scaffold, GRCh38.p14 alternate locus group ALT_REF_LOCI_1 HSCHR6_1_CTG6"
NW_003315921.1,124736,"NW_003315921.1 Homo sapiens chromosome 6 genomic scaffold, GRCh38.p14 alternate locus group ALT_REF_LOCI_1 HSCHR6_1_CTG2"
NT_187556.1,870480,"NT_187556.1 Homo sapiens chromosome 6 genomic scaffold, GRCh38.p14 alternate locus group ALT_REF_LOCI_1 HSCHR6_1_CTG8"
NT_187557.1,75005,"NT_187557.1 Homo sapiens chromosome 6 genomic scaffold, GRCh38.p14 alternate locus group ALT_REF_LOCI_1 HSCHR6_1_CTG9"
NW_004166862.2,185823,"NW_004166862.2 Homo sapiens chromosome 6 genomic scaffold, GRCh38.p14 alternate locus group ALT_REF_LOCI_1 HSCHR6_1_CTG3"
NT_187552.1,197536,"NT_187552.1 Homo sapiens chromosome 6 genomic scaffold, GRCh38.p14 alternate locus group ALT_REF_LOCI_1 HSCHR6_1_CTG4"
NT_187553.1,271782,"NT_187553.1 Homo sapiens chromosome 6 genomic scaffold, GRCh38.p14 alternate locus group ALT_REF_LOCI_1 HSCHR6_1_CTG5"
NT_187558.1,157952,"NT_187558.1 Homo sapiens chromosome 7 genomic scaffold, GRCh38.p14 alternate locus group ALT_REF_LOCI_1 HSCHR7_1_CTG1"
NT_187561.1,209586,"NT_187561.1 Homo sapiens chromosome 7 genomic scaffold, GRCh38.p14 alternate locus group ALT_REF_LOCI_1 HSCHR7_2_CTG4_4"
NT_187559.1,158166,"NT_187559.1 Homo sapiens chromosome 7 genomic scaffold, GRCh38.p14 alternate locus group ALT_REF_LOCI_1 HSCHR7_1_CTG4_4"
NW_003315922.2,119183,"NW_003315922.2 Homo sapiens chromosome 7 genomic scaffold, GRCh38.p14 alternate locus group ALT_REF_LOCI_1 HSCHR7_1_CTG6"
NT_187562.1,1111570,"NT_187562.1 Homo sapiens chromosome 7 genomic scaffold, GRCh38.p14 alternate locus group ALT_REF_LOCI_1 HSCHR7_2_CTG6"
NT_187564.1,271455,"NT_187564.1 Homo sapiens chromosome 7 genomic scaffold, GRCh38.p14 alternate locus group ALT_REF_LOCI_1 HSCHR7_3_CTG6"
NT_187563.1,126434,"NT_187563.1 Homo sapiens chromosome 7 genomic scaffold, GRCh38.p14 alternate locus group ALT_REF_LOCI_1 HSCHR7_2_CTG7"
NT_187560.1,209988,"NT_187560.1 Homo sapiens chromosome 7 genomic scaffold, GRCh38.p14 alternate locus group ALT_REF_LOCI_1 HSCHR7_1_CTG7"
NT_187572.1,145606,"NT_187572.1 Homo sapiens chromosome 8 genomic scaffold, GRCh38.p14 alternate locus group ALT_REF_LOCI_1 HSCHR8_4_CTG1"
NT_187568.1,282736,"NT_187568.1 Homo sapiens chromosome 8 genomic scaffold, GRCh38.p14 alternate locus group ALT_REF_LOCI_1 HSCHR8_2_CTG1"
NT_187565.1,292436,"NT_187565.1 Homo sapiens chromosome 8 genomic scaffold, GRCh38.p14 alternate locus group ALT_REF_LOCI_1 HSCHR8_1_CTG1"
NT_187576.1,985506,"NT_187576.1 Homo sapiens chromosome 8 genomic scaffold, GRCh38.p14 alternate locus group ALT_REF_LOCI_1 HSCHR8_8_CTG1"
NT_187570.1,300230,"NT_187570.1 Homo sapiens chromosome 8 genomic scaffold, GRCh38.p14 alternate locus group ALT_REF_LOCI_1 HSCHR8_3_CTG1"
NT_187577.1,624492,"NT_187577.1 Homo sapiens chromosome 8 genomic scaffold, GRCh38.p14 alternate locus group ALT_REF_LOCI_1 HSCHR8_9_CTG1"
NT_187566.1,141812,"NT_187566.1 Homo sapiens chromosome 8 genomic scaffold, GRCh38.p14 alternate locus group ALT_REF_LOCI_1 HSCHR8_1_CTG6"
NT_187567.1,374415,"NT_187567.1 Homo sapiens chromosome 8 genomic scaffold, GRCh38.p14 alternate locus group ALT_REF_LOCI_1 HSCHR8_1_CTG7"
NT_187574.1,133535,"NT_187574.1 Homo sapiens chromosome 8 genomic scaffold, GRCh38.p14 alternate locus group ALT_REF_LOCI_1 HSCHR8_5_CTG7"
NT_187575.1,36640,"NT_187575.1 Homo sapiens chromosome 8 genomic scaffold, GRCh38.p14 alternate locus group ALT_REF_LOCI_1 HSCHR8_6_CTG7"
NT_187573.1,158983,"NT_187573.1 Homo sapiens chromosome 8 genomic scaffold, GRCh38.p14 alternate locus group ALT_REF_LOCI_1 HSCHR8_4_CTG7"
NT_187571.1,305841,"NT_187571.1 Homo sapiens chromosome 8 genomic scaffold, GRCh38.p14 alternate locus group ALT_REF_LOCI_1 HSCHR8_3_CTG7"
NT_187569.1,132244,"NT_187569.1 Homo sapiens chromosome 8 genomic scaffold, GRCh38.p14 alternate locus group ALT_REF_LOCI_1 HSCHR8_2_CTG7"
NW_003315928.1,162988,"NW_003315928.1 Homo sapiens chromosome 9 genomic scaffold, GRCh38.p14 alternate locus group ALT_REF_LOCI_1 HSCHR9_1_CTG1"
NW_003315929.1,71551,"NW_003315929.1 Homo sapiens chromosome 9 genomic scaffold, GRCh38.p14 alternate locus group ALT_REF_LOCI_1 HSCHR9_1_CTG2"
NW_003315930.1,171286,"NW_003315930.1 Homo sapiens chromosome 9 genomic scaffold, GRCh38.p14 alternate locus group ALT_REF_LOCI_1 HSCHR9_1_CTG3"
NW_003315931.1,60032,"NW_003315931.1 Homo sapiens chromosome 9 genomic scaffold, GRCh38.p14 alternate locus group ALT_REF_LOCI_1 HSCHR9_1_CTG4"
NT_187578.1,439082,"NT_187578.1 Homo sapiens chromosome 9 genomic scaffold, GRCh38.p14 alternate locus group ALT_REF_LOCI_1 HSCHR9_1_CTG5"
NW_003315934.1,179254,"NW_003315934.1 Homo sapiens chromosome 10 genomic scaffold, GRCh38.p14 alternate locus group ALT_REF_LOCI_1 HSCHR10_1_CTG1"
NT_187579.1,181496,"NT_187579.1 Homo sapiens chromosome 10 genomic scaffold, GRCh38.p14 alternate locus group ALT_REF_LOCI_1 HSCHR10_1_CTG3"
NW_003315935.1,309802,"NW_003315935.1 Homo sapiens chromosome 10 genomic scaffold, GRCh38.p14 alternate locus group ALT_REF_LOCI_1 HSCHR10_1_CTG2"
NT_187586.1,210133,"NT_187586.1 Homo sapiens chromosome 11 genomic scaffold, GRCh38.p14 alternate locus group ALT_REF_LOCI_1 HSCHR11_1_CTG8"
NT_187584.1,177092,"NT_187584.1 Homo sapiens chromosome 11 genomic scaffold, GRCh38.p14 alternate locus group ALT_REF_LOCI_1 HSCHR11_1_CTG6"
NT_187585.1,296895,"NT_187585.1 Homo sapiens chromosome 11 genomic scaffold, GRCh38.p14 alternate locus group ALT_REF_LOCI_1 HSCHR11_1_CTG7"
NT_187583.1,204059,"NT_187583.1 Homo sapiens chromosome 11 genomic scaffold, GRCh38.p14 alternate locus group ALT_REF_LOCI_1 HSCHR11_1_CTG5"
NW_003315936.1,154407,"NW_003315936.1 Homo sapiens chromosome 11 genomic scaffold, GRCh38.p14 alternate locus group ALT_REF_LOCI_1 HSCHR11_1_CTG1_1"
NW_003871073.1,200998,"NW_003871073.1 Homo sapiens chromosome 11 genomic scaffold, GRCh38.p14 alternate locus group ALT_REF_LOCI_1 HG142_HG150_NOVEL_TEST"
NW_003871074.1,191409,"NW_003871074.1 Homo sapiens chromosome 11 genomic scaffold, GRCh38.p14 alternate locus group ALT_REF_LOCI_1 HG151_NOVEL_TEST"
NT_187582.1,67707,"NT_187582.1 Homo sapiens chromosome 11 genomic scaffold, GRCh38.p14 alternate locus group ALT_REF_LOCI_1 HSCHR11_1_CTG3"
NT_187581.1,186169,"NT_187581.1 Homo sapiens chromosome 11 genomic scaffold, GRCh38.p14 alternate locus group ALT_REF_LOCI_1 HSCHR11_1_CTG2"
NW_003571049.1,167313,"NW_003571049.1 Homo sapiens chromosome 12 genomic scaffold, GRCh38.p14 alternate locus group ALT_REF_LOCI_1 HSCHR12_1_CTG1"
NW_003571050.1,408271,"NW_003571050.1 Homo sapiens chromosome 12 genomic scaffold, GRCh38.p14 alternate locus group ALT_REF_LOCI_1 HSCHR12_2_CTG2"
NT_187588.1,40090,"NT_187588.1 Homo sapiens chromosome 12 genomic scaffold, GRCh38.p14 alternate locus group ALT_REF_LOCI_1 HSCHR12_5_CTG2"
NW_003315938.1,120804,"NW_003315938.1 Homo sapiens chromosome 12 genomic scaffold, GRCh38.p14 alternate locus group ALT_REF_LOCI_1 HSCHR12_1_CTG2"
NT_187587.1,238139,"NT_187587.1 Homo sapiens chromosome 12 genomic scaffold, GRCh38.p14 alternate locus group ALT_REF_LOCI_1 HSCHR12_4_CTG2"
NW_003315939.2,169178,"NW_003315939.2 Homo sapiens chromosome 12 genomic scaffold, GRCh38.p14 alternate locus group ALT_REF_LOCI_1 HSCHR12_1_CTG2_1"
NW_003315941.1,138655,"NW_003315941.1 Homo sapiens chromosome 12 genomic scaffold, GRCh38.p14 alternate locus group ALT_REF_LOCI_1 HSCHR12_2_CTG2_1"
NW_003315942.2,152874,"NW_003315942.2 Homo sapiens chromosome 12 genomic scaffold, GRCh38.p14 alternate locus group ALT_REF_LOCI_1 HSCHR12_3_CTG2_1"
NT_187590.1,119498,"NT_187590.1 Homo sapiens chromosome 12 genomic scaffold, GRCh38.p14 alternate locus group ALT_REF_LOCI_1 HSCHR12_6_CTG2_1"
NW_003315940.1,184319,"NW_003315940.1 Homo sapiens chromosome 12 genomic scaffold, GRCh38.p14 alternate locus group ALT_REF_LOCI_1 HSCHR12_4_CTG2_1"
NT_187589.1,76061,"NT_187589.1 Homo sapiens chromosome 12 genomic scaffold, GRCh38.p14 alternate locus group ALT_REF_LOCI_1 HSCHR12_5_CTG2_1"
NT_187591.1,56134,"NT_187591.1 Homo sapiens chromosome 12 genomic scaffold, GRCh38.p14 alternate locus group ALT_REF_LOCI_1 HSCHR12_7_CTG2_1"
NT_187594.1,191684,"NT_187594.1 Homo sapiens chromosome 13 genomic scaffold, GRCh38.p14 alternate locus group ALT_REF_LOCI_1 HSCHR13_1_CTG3"
NT_187593.1,180306,"NT_187593.1 Homo sapiens chromosome 13 genomic scaffold, GRCh38.p14 alternate locus group ALT_REF_LOCI_1 HSCHR13_1_CTG2"
NT_187597.1,103832,"NT_187597.1 Homo sapiens chromosome 13 genomic scaffold, GRCh38.p14 alternate locus group ALT_REF_LOCI_1 HSCHR13_1_CTG6"
NT_187595.1,169134,"NT_187595.1 Homo sapiens chromosome 13 genomic scaffold, GRCh38.p14 alternate locus group ALT_REF_LOCI_1 HSCHR13_1_CTG4"
NT_187592.1,306913,"NT_187592.1 Homo sapiens chromosome 13 genomic scaffold, GRCh38.p14 alternate locus group ALT_REF_LOCI_1 HSCHR13_1_CTG1"
NT_187596.1,37287,"NT_187596.1 Homo sapiens chromosome 13 genomic scaffold, GRCh38.p14 alternate locus group ALT_REF_LOCI_1 HSCHR13_1_CTG5"
NT_187598.1,322166,"NT_187598.1 Homo sapiens chromosome 14 genomic scaffold, GRCh38.p14 alternate locus group ALT_REF_LOCI_1 HSCHR14_1_CTG1"
NT_187601.1,1511111,"NT_187601.1 Homo sapiens chromosome 14 genomic scaffold, GRCh38.p14 alternate locus group ALT_REF_LOCI_1 HSCHR14_7_CTG1"
NT_187599.1,180703,"NT_187599.1 Homo sapiens chromosome 14 genomic scaffold, GRCh38.p14 alternate locus group ALT_REF_LOCI_1 HSCHR14_2_CTG1"
NT_187600.1,1351393,"NT_187600.1 Homo sapiens chromosome 14 genomic scaffold, GRCh38.p14 alternate locus group ALT_REF_LOCI_1 HSCHR14_3_CTG1"
NT_187602.1,478999,"NT_187602.1 Homo sapiens chromosome 15 genomic scaffold, GRCh38.p14 alternate locus group ALT_REF_LOCI_1 HSCHR15_1_CTG1"
NT_187604.1,263054,"NT_187604.1 Homo sapiens chromosome 15 genomic scaffold, GRCh38.p14 alternate locus group ALT_REF_LOCI_1 HSCHR15_3_CTG3"
NT_187603.1,327382,"NT_187603.1 Homo sapiens chromosome 15 genomic scaffold, GRCh38.p14 alternate locus group ALT_REF_LOCI_1 HSCHR15_1_CTG3"
NW_003315943.1,296527,"NW_003315943.1 Homo sapiens chromosome 15 genomic scaffold, GRCh38.p14 alternate locus group ALT_REF_LOCI_1 HSCHR15_1_CTG8"
NT_187605.1,244917,"NT_187605.1 Homo sapiens chromosome 15 genomic scaffold, GRCh38.p14 alternate locus group ALT_REF_LOCI_1 HSCHR15_3_CTG8"
NW_003315944.2,388773,"NW_003315944.2 Homo sapiens chromosome 15 genomic scaffold, GRCh38.p14 alternate locus group ALT_REF_LOCI_1 HSCHR15_2_CTG8"
NT_187606.1,430880,"NT_187606.1 Homo sapiens chromosome 15 genomic scaffold, GRCh38.p14 alternate locus group ALT_REF_LOCI_1 HSCHR15_5_CTG8"
NT_187610.1,134193,"NT_187610.1 Homo sapiens chromosome 16 genomic scaffold, GRCh38.p14 alternate locus group ALT_REF_LOCI_1 HSCHR16_CTG2"
NT_187609.1,63982,"NT_187609.1 Homo sapiens chromosome 16 genomic scaffold, GRCh38.p14 alternate locus group ALT_REF_LOCI_1 HSCHR16_4_CTG1"
NT_187608.1,232857,"NT_187608.1 Homo sapiens chromosome 16 genomic scaffold, GRCh38.p14 alternate locus group ALT_REF_LOCI_1 HSCHR16_3_CTG1"
NT_187607.1,2659700,"NT_187607.1 Homo sapiens chromosome 16 genomic scaffold, GRCh38.p14 alternate locus group ALT_REF_LOCI_1 HSCHR16_1_CTG1"
NW_003315945.1,192462,"NW_003315945.1 Homo sapiens chromosome 16 genomic scaffold, GRCh38.p14 alternate locus group ALT_REF_LOCI_1 HSCHR16_1_CTG3_1"
NW_003315946.1,89672,"NW_003315946.1 Homo sapiens chromosome 16 genomic scaffold, GRCh38.p14 alternate locus group ALT_REF_LOCI_1 HSCHR16_2_CTG3_1"
NW_003315952.3,375691,"NW_003315952.3 Homo sapiens chromosome 17 genomic scaffold, GRCh38.p14 alternate locus group ALT_REF_LOCI_1 HSCHR17_1_CTG1"
NT_187613.1,391357,"NT_187613.1 Homo sapiens chromosome 17 genomic scaffold, GRCh38.p14 alternate locus group ALT_REF_LOCI_1 HSCHR17_2_CTG2"
NT_187611.1,196688,"NT_187611.1 Homo sapiens chromosome 17 genomic scaffold, GRCh38.p14 alternate locus group ALT_REF_LOCI_1 HSCHR17_1_CTG2"
NT_187614.1,2877074,"NT_187614.1 Homo sapiens chromosome 17 genomic scaffold, GRCh38.p14 alternate locus group ALT_REF_LOCI_1 HSCHR17_7_CTG4"
NW_003871091.1,278131,"NW_003871091.1 Homo sapiens chromosome 17 genomic scaffold, GRCh38.p14 alternate locus group ALT_REF_LOCI_1 HSCHR17_4_CTG4"
NW_003871092.1,70345,"NW_003871092.1 Homo sapiens chromosome 17 genomic scaffold, GRCh38.p14 alternate locus group ALT_REF_LOCI_1 HSCHR17_5_CTG4"
NW_003315953.2,133151,"NW_003315953.2 Homo sapiens chromosome 17 genomic scaffold, GRCh38.p14 alternate locus group ALT_REF_LOCI_1 HSCHR17_1_CTG4"
NT_167251.2,1821992,"NT_167251.2 Homo sapiens chromosome 17 genomic scaffold, GRCh38.p14 alternate locus group ALT_REF_LOCI_1 HSCHR17_1_CTG5"
NW_003315954.1,223995,"NW_003315954.1 Homo sapiens chromosome 17 genomic scaffold, GRCh38.p14 alternate locus group ALT_REF_LOCI_1 HSCHR17_2_CTG4"
NT_187615.1,235827,"NT_187615.1 Homo sapiens chromosome 17 genomic scaffold, GRCh38.p14 alternate locus group ALT_REF_LOCI_1 HSCHR17_8_CTG4"
NT_187616.1,108763,"NT_187616.1 Homo sapiens chromosome 17 genomic scaffold, GRCh38.p14 alternate locus group ALT_REF_LOCI_1 HSCHR17_9_CTG4"
NW_003315955.1,90219,"NW_003315955.1 Homo sapiens chromosome 17 genomic scaffold, GRCh38.p14 alternate locus group ALT_REF_LOCI_1 HSCHR17_3_CTG4"
NT_187612.1,178921,"NT_187612.1 Homo sapiens chromosome 17 genomic scaffold, GRCh38.p14 alternate locus group ALT_REF_LOCI_1 HSCHR17_1_CTG9"
NT_187618.1,111737,"NT_187618.1 Homo sapiens chromosome 18 genomic scaffold, GRCh38.p14 alternate locus group ALT_REF_LOCI_1 HSCHR18_4_CTG1_1"
NW_003315956.1,289831,"NW_003315956.1 Homo sapiens chromosome 18 genomic scaffold, GRCh38.p14 alternate locus group ALT_REF_LOCI_1 HSCHR18_1_CTG1_1"
NW_003315959.1,164789,"NW_003315959.1 Homo sapiens chromosome 18 genomic scaffold, GRCh38.p14 alternate locus group ALT_REF_LOCI_1 HSCHR18_2_CTG1_1"
NW_003315960.1,198278,"NW_003315960.1 Homo sapiens chromosome 18 genomic scaffold, GRCh38.p14 alternate locus group ALT_REF_LOCI_1 HSCHR18_2_CTG2"
NW_003315957.1,104552,"NW_003315957.1 Homo sapiens chromosome 18 genomic scaffold, GRCh38.p14 alternate locus group ALT_REF_LOCI_1 HSCHR18_1_CTG2"
NW_003315958.1,167950,"NW_003315958.1 Homo sapiens chromosome 18 genomic scaffold, GRCh38.p14 alternate locus group ALT_REF_LOCI_1 HSCHR18_1_CTG2_1"
NW_003315961.1,159547,"NW_003315961.1 Homo sapiens chromosome 18 genomic scaffold, GRCh38.p14 alternate locus group ALT_REF_LOCI_1 HSCHR18_2_CTG2_1"
NT_187617.1,167999,"NT_187617.1 Homo sapiens chromosome 18 genomic scaffold, GRCh38.p14 alternate locus group ALT_REF_LOCI_1 HSCHR18_3_CTG2_1"
NT_187622.1,61734,"NT_187622.1 Homo sapiens chromosome 19 genomic scaffold, GRCh38.p14 alternate locus group ALT_REF_LOCI_1 HSCHR19_5_CTG2"
NT_187621.1,52969,"NT_187621.1 Homo sapiens chromosome 19 genomic scaffold, GRCh38.p14 alternate locus group ALT_REF_LOCI_1 HSCHR19_4_CTG2"
NW_003315962.1,385657,"NW_003315962.1 Homo sapiens chromosome 19 genomic scaffold, GRCh38.p14 alternate locus group ALT_REF_LOCI_1 HSCHR19_1_CTG2"
NW_003315964.2,170222,"NW_003315964.2 Homo sapiens chromosome 19 genomic scaffold, GRCh38.p14 alternate locus group ALT_REF_LOCI_1 HSCHR19_2_CTG2"
NW_003315965.1,188024,"NW_003315965.1 Homo sapiens chromosome 19 genomic scaffold, GRCh38.p14 alternate locus group ALT_REF_LOCI_1 HSCHR19_3_CTG2"
NW_003315963.1,155864,"NW_003315963.1 Homo sapiens chromosome 19 genomic scaffold, GRCh38.p14 alternate locus group ALT_REF_LOCI_1 HSCHR19_1_CTG3_1"
NT_187619.1,43156,"NT_187619.1 Homo sapiens chromosome 19 genomic scaffold, GRCh38.p14 alternate locus group ALT_REF_LOCI_1 HSCHR19_2_CTG3_1"
NT_187620.1,233762,"NT_187620.1 Homo sapiens chromosome 19 genomic scaffold, GRCh38.p14 alternate locus group ALT_REF_LOCI_1 HSCHR19_3_CTG3_1"
NW_003571054.1,987716,"NW_003571054.1 Homo sapiens chromosome 19 genomic scaffold, GRCh38.p14 alternate locus group ALT_REF_LOCI_1 HSCHR19LRC_COX1_CTG3_1"
NW_003315966.2,128386,"NW_003315966.2 Homo sapiens chromosome 20 genomic scaffold, GRCh38.p14 alternate locus group ALT_REF_LOCI_1 HSCHR20_1_CTG1"
NT_187623.1,118774,"NT_187623.1 Homo sapiens chromosome 20 genomic scaffold, GRCh38.p14 alternate locus group ALT_REF_LOCI_1 HSCHR20_1_CTG2"
NT_187625.1,58661,"NT_187625.1 Homo sapiens chromosome 20 genomic scaffold, GRCh38.p14 alternate locus group ALT_REF_LOCI_1 HSCHR20_1_CTG4"
NT_187624.1,183433,"NT_187624.1 Homo sapiens chromosome 20 genomic scaffold, GRCh38.p14 alternate locus group ALT_REF_LOCI_1 HSCHR20_1_CTG3"
NW_003315967.2,63917,"NW_003315967.2 Homo sapiens chromosome 21 genomic scaffold, GRCh38.p14 alternate locus group ALT_REF_LOCI_1 HSCHR21_1_CTG1_1"
NT_187628.1,166743,"NT_187628.1 Homo sapiens chromosome 21 genomic scaffold, GRCh38.p14 alternate locus group ALT_REF_LOCI_1 HSCHR21_8_CTG1_1"
NT_187627.1,143900,"NT_187627.1 Homo sapiens chromosome 21 genomic scaffold, GRCh38.p14 alternate locus group ALT_REF_LOCI_1 HSCHR21_6_CTG1_1"
NW_003315968.2,201197,"NW_003315968.2 Homo sapiens chromosome 21 genomic scaffold, GRCh38.p14 alternate locus group ALT_REF_LOCI_1 HSCHR21_2_CTG1_1"
NW_003315969.2,74653,"NW_003315969.2 Homo sapiens chromosome 21 genomic scaffold, GRCh38.p14 alternate locus group ALT_REF_LOCI_1 HSCHR21_3_CTG1_1"
NW_003315970.2,116689,"NW_003315970.2 Homo sapiens chromosome 21 genomic scaffold, GRCh38.p14 alternate locus group ALT_REF_LOCI_1 HSCHR21_4_CTG1_1"
NT_187626.1,82692,"NT_187626.1 Homo sapiens chromosome 21 genomic scaffold, GRCh38.p14 alternate locus group ALT_REF_LOCI_1 HSCHR21_5_CTG2"
NT_187629.1,259914,"NT_187629.1 Homo sapiens chromosome 22 genomic scaffold, GRCh38.p14 alternate locus group ALT_REF_LOCI_1 HSCHR22_1_CTG3"
NT_187632.1,186262,"NT_187632.1 Homo sapiens chromosome 22 genomic scaffold, GRCh38.p14 alternate locus group ALT_REF_LOCI_1 HSCHR22_1_CTG6"
NT_187633.1,304135,"NT_187633.1 Homo sapiens chromosome 22 genomic scaffold, GRCh38.p14 alternate locus group ALT_REF_LOCI_1 HSCHR22_1_CTG7"
NT_187630.1,263666,"NT_187630.1 Homo sapiens chromosome 22 genomic scaffold, GRCh38.p14 alternate locus group ALT_REF_LOCI_1 HSCHR22_1_CTG4"
NT_187631.1,101331,"NT_187631.1 Homo sapiens chromosome 22 genomic scaffold, GRCh38.p14 alternate locus group ALT_REF_LOCI_1 HSCHR22_1_CTG5"
NW_003315972.2,96924,"NW_003315972.2 Homo sapiens chromosome 22 genomic scaffold, GRCh38.p14 alternate locus group ALT_REF_LOCI_1 HSCHR22_1_CTG2"
NW_003315971.2,162811,"NW_003315971.2 Homo sapiens chromosome 22 genomic scaffold, GRCh38.p14 alternate locus group ALT_REF_LOCI_1 HSCHR22_1_CTG1"
NT_187634.1,284869,"NT_187634.1 Homo sapiens chromosome X genomic scaffold, GRCh38.p14 alternate locus group ALT_REF_LOCI_1 HSCHRX_1_CTG3"
NT_187635.1,144206,"NT_187635.1 Homo sapiens chromosome X genomic scaffold, GRCh38.p14 alternate locus group ALT_REF_LOCI_1 HSCHRX_2_CTG12"
NT_187646.1,162212,"NT_187646.1 Homo sapiens chromosome 1 genomic scaffold, GRCh38.p14 alternate locus group ALT_REF_LOCI_2 HSCHR1_ALT2_1_CTG32_1"
NT_187648.1,214158,"NT_187648.1 Homo sapiens chromosome 2 genomic scaffold, GRCh38.p14 alternate locus group ALT_REF_LOCI_2 HSCHR2_2_CTG7"
NT_187647.1,161218,"NT_187647.1 Homo sapiens chromosome 2 genomic scaffold, GRCh38.p14 alternate locus group ALT_REF_LOCI_2 HSCHR2_2_CTG15"
NT_187649.1,162896,"NT_187649.1 Homo sapiens chromosome 3 genomic scaffold, GRCh38.p14 alternate locus group ALT_REF_LOCI_2 HSCHR3_3_CTG3"
NT_187650.1,378547,"NT_187650.1 Homo sapiens chromosome 4 genomic scaffold, GRCh38.p14 alternate locus group ALT_REF_LOCI_2 HSCHR4_6_CTG12"
NT_187651.1,1144418,"NT_187651.1 Homo sapiens chromosome 5 genomic scaffold, GRCh38.p14 alternate locus group ALT_REF_LOCI_2 HSCHR5_1_CTG1_1"
NT_187652.1,130957,"NT_187652.1 Homo sapiens chromosome 5 genomic scaffold, GRCh38.p14 alternate locus group ALT_REF_LOCI_2 HSCHR5_3_CTG5"
NT_113891.3,4795265,"NT_113891.3 Homo sapiens chromosome 6 genomic scaffold, GRCh38.p14 alternate locus group ALT_REF_LOCI_2 HSCHR6_MHC_COX_CTG1"
NT_187653.1,190869,"NT_187653.1 Homo sapiens chromosome 7 genomic scaffold, GRCh38.p14 alternate locus group ALT_REF_LOCI_2 HSCHR7_2_CTG1"
NT_187655.1,136959,"NT_187655.1 Homo sapiens chromosome 8 genomic scaffold, GRCh38.p14 alternate locus group ALT_REF_LOCI_2 HSCHR8_6_CTG1"
NT_187654.1,318687,"NT_187654.1 Homo sapiens chromosome 8 genomic scaffold, GRCh38.p14 alternate locus group ALT_REF_LOCI_2 HSCHR8_5_CTG1"
NT_187656.1,106711,"NT_187656.1 Homo sapiens chromosome 11 genomic scaffold, GRCh38.p14 alternate locus group ALT_REF_LOCI_2 HSCHR11_2_CTG1"
NT_187657.1,214625,"NT_187657.1 Homo sapiens chromosome 11 genomic scaffold, GRCh38.p14 alternate locus group ALT_REF_LOCI_2 HSCHR11_2_CTG1_1"
NT_187658.1,572349,"NT_187658.1 Homo sapiens chromosome 12 genomic scaffold, GRCh38.p14 alternate locus group ALT_REF_LOCI_2 HSCHR12_3_CTG2"
NT_187659.1,196384,"NT_187659.1 Homo sapiens chromosome 15 genomic scaffold, GRCh38.p14 alternate locus group ALT_REF_LOCI_2 HSCHR15_2_CTG3"
NT_187660.1,5161414,"NT_187660.1 Homo sapiens chromosome 15 genomic scaffold, GRCh38.p14 alternate locus group ALT_REF_LOCI_2 HSCHR15_4_CTG8"
NT_187662.1,137721,"NT_187662.1 Homo sapiens chromosome 17 genomic scaffold, GRCh38.p14 alternate locus group ALT_REF_LOCI_2 HSCHR17_2_CTG1"
NT_187664.1,157099,"NT_187664.1 Homo sapiens chromosome 17 genomic scaffold, GRCh38.p14 alternate locus group ALT_REF_LOCI_2 HSCHR17_3_CTG2"
NT_187661.1,325800,"NT_187661.1 Homo sapiens chromosome 17 genomic scaffold, GRCh38.p14 alternate locus group ALT_REF_LOCI_2 HSCHR17_10_CTG4"
NW_003871093.1,88070,"NW_003871093.1 Homo sapiens chromosome 17 genomic scaffold, GRCh38.p14 alternate locus group ALT_REF_LOCI_2 HSCHR17_6_CTG4"
NT_187663.1,1423190,"NT_187663.1 Homo sapiens chromosome 17 genomic scaffold, GRCh38.p14 alternate locus group ALT_REF_LOCI_2 HSCHR17_2_CTG5"
NT_187665.1,174061,"NT_187665.1 Homo sapiens chromosome 18 genomic scaffold, GRCh38.p14 alternate locus group ALT_REF_LOCI_2 HSCHR18_ALT21_CTG2_1"
NT_187666.1,157710,"NT_187666.1 Homo sapiens chromosome 18 genomic scaffold, GRCh38.p14 alternate locus group ALT_REF_LOCI_2 HSCHR18_ALT2_CTG2_1"
NW_003571055.2,729520,"NW_003571055.2 Homo sapiens chromosome 19 genomic scaffold, GRCh38.p14 alternate locus group ALT_REF_LOCI_2 HSCHR19LRC_COX2_CTG3_1"
NW_004504305.1,74013,"NW_004504305.1 Homo sapiens chromosome 22 genomic scaffold, GRCh38.p14 alternate locus group ALT_REF_LOCI_2 HSCHR22_2_CTG1"
NT_187667.1,274009,"NT_187667.1 Homo sapiens chromosome X genomic scaffold, GRCh38.p14 alternate locus group ALT_REF_LOCI_2 HSCHRX_2_CTG3"
NT_187678.1,166540,"NT_187678.1 Homo sapiens chromosome 3 genomic scaffold, GRCh38.p14 alternate locus group ALT_REF_LOCI_3 HSCHR3_4_CTG3"
NT_187679.1,555799,"NT_187679.1 Homo sapiens chromosome 4 genomic scaffold, GRCh38.p14 alternate locus group ALT_REF_LOCI_3 HSCHR4_7_CTG12"
NT_167245.2,4604811,"NT_167245.2 Homo sapiens chromosome 6 genomic scaffold, GRCh38.p14 alternate locus group ALT_REF_LOCI_3 HSCHR6_MHC_DBB_CTG1"
NT_187680.1,229282,"NT_187680.1 Homo sapiens chromosome 8 genomic scaffold, GRCh38.p14 alternate locus group ALT_REF_LOCI_3 HSCHR8_7_CTG1"
NT_187681.1,218612,"NT_187681.1 Homo sapiens chromosome 11 genomic scaffold, GRCh38.p14 alternate locus group ALT_REF_LOCI_3 HSCHR11_3_CTG1"
NW_003571056.2,1064304,"NW_003571056.2 Homo sapiens chromosome 19 genomic scaffold, GRCh38.p14 alternate locus group ALT_REF_LOCI_3 HSCHR19LRC_LRC_I_CTG3_1"
NT_187682.1,176103,"NT_187682.1 Homo sapiens chromosome 22 genomic scaffold, GRCh38.p14 alternate locus group ALT_REF_LOCI_3 HSCHR22_3_CTG1"
NT_187688.1,163458,"NT_187688.1 Homo sapiens chromosome 3 genomic scaffold, GRCh38.p14 alternate locus group ALT_REF_LOCI_4 HSCHR3_5_CTG3"
NT_167246.2,4677643,"NT_167246.2 Homo sapiens chromosome 6 genomic scaffold, GRCh38.p14 alternate locus group ALT_REF_LOCI_4 HSCHR6_MHC_MANN_CTG1"
NW_003571057.2,1091841,"NW_003571057.2 Homo sapiens chromosome 19 genomic scaffold, GRCh38.p14 alternate locus group ALT_REF_LOCI_4 HSCHR19LRC_LRC_J_CTG3_1"
NT_187689.1,197351,"NT_187689.1 Homo sapiens chromosome 3 genomic scaffold, GRCh38.p14 alternate locus group ALT_REF_LOCI_5 HSCHR3_6_CTG3"
NT_167247.2,4827813,"NT_167247.2 Homo sapiens chromosome 6 genomic scaffold, GRCh38.p14 alternate locus group ALT_REF_LOCI_5 HSCHR6_MHC_MCF_CTG1"
NW_003571058.2,1066390,"NW_003571058.2 Homo sapiens chromosome 19 genomic scaffold, GRCh38.p14 alternate locus group ALT_REF_LOCI_5 HSCHR19LRC_LRC_S_CTG3_1"
NT_187690.1,164170,"NT_187690.1 Homo sapiens chromosome 3 genomic scaffold, GRCh38.p14 alternate locus group ALT_REF_LOCI_6 HSCHR3_7_CTG3"
NT_167248.2,4606388,"NT_167248.2 Homo sapiens chromosome 6 genomic scaffold, GRCh38.p14 alternate locus group ALT_REF_LOCI_6 HSCHR6_MHC_QBL_CTG1"
NW_003571059.2,1002683,"NW_003571059.2 Homo sapiens chromosome 19 genomic scaffold, GRCh38.p14 alternate locus group ALT_REF_LOCI_6 HSCHR19LRC_LRC_T_CTG3_1"
NT_187691.1,165607,"NT_187691.1 Homo sapiens chromosome 3 genomic scaffold, GRCh38.p14 alternate locus group ALT_REF_LOCI_7 HSCHR3_8_CTG3"
NT_167249.2,4929269,"NT_167249.2 Homo sapiens chromosome 6 genomic scaffold, GRCh38.p14 alternate locus group ALT_REF_LOCI_7 HSCHR6_MHC_SSTO_CTG1"
NW_003571060.1,987100,"NW_003571060.1 Homo sapiens chromosome 19 genomic scaffold, GRCh38.p14 alternate locus group ALT_REF_LOCI_7 HSCHR19LRC_PGF1_CTG3_1"
NT_187692.1,76752,"NT_187692.1 Homo sapiens chromosome 6 genomic scaffold, GRCh38.p14 alternate locus group ALT_REF_LOCI_8 HSCHR6_8_CTG1"
NW_003571061.2,796479,"NW_003571061.2 Homo sapiens chromosome 19 genomic scaffold, GRCh38.p14 alternate locus group ALT_REF_LOCI_8 HSCHR19LRC_PGF2_CTG3_1"
NT_187693.1,1066800,"NT_187693.1 Homo sapiens chromosome 19 genomic scaffold, GRCh38.p14 alternate locus group ALT_REF_LOCI_9 HSCHR19_4_CTG3_1"
NT_187636.1,248807,"NT_187636.1 Homo sapiens chromosome 19 genomic scaffold, GRCh38.p14 alternate locus group ALT_REF_LOCI_10 HSCHR19KIR_FH15_B_HAP_CTG3_1"
NT_187637.1,170399,"NT_187637.1 Homo sapiens chromosome 19 genomic scaffold, GRCh38.p14 alternate locus group ALT_REF_LOCI_11 HSCHR19KIR_G085_A_HAP_CTG3_1"
NT_187638.1,157053,"NT_187638.1 Homo sapiens chromosome 19 genomic scaffold, GRCh38.p14 alternate locus group ALT_REF_LOCI_12 HSCHR19KIR_G085_BA1_HAP_CTG3_1"
NT_187639.1,171027,"NT_187639.1 Homo sapiens chromosome 19 genomic scaffold, GRCh38.p14 alternate locus group ALT_REF_LOCI_13 HSCHR19KIR_G248_A_HAP_CTG3_1"
NT_187640.1,204239,"NT_187640.1 Homo sapiens chromosome 19 genomic scaffold, GRCh38.p14 alternate locus group ALT_REF_LOCI_14 HSCHR19KIR_G248_BA2_HAP_CTG3_1"
NT_187641.1,209512,"NT_187641.1 Homo sapiens chromosome 19 genomic scaffold, GRCh38.p14 alternate locus group ALT_REF_LOCI_15 HSCHR19KIR_GRC212_AB_HAP_CTG3_1"
NT_187642.1,155532,"NT_187642.1 Homo sapiens chromosome 19 genomic scaffold, GRCh38.p14 alternate locus group ALT_REF_LOCI_16 HSCHR19KIR_GRC212_BA1_HAP_CTG3_1"
NT_187643.1,170698,"NT_187643.1 Homo sapiens chromosome 19 genomic scaffold, GRCh38.p14 alternate locus group ALT_REF_LOCI_17 HSCHR19KIR_LUCE_A_HAP_CTG3_1"
NT_187644.1,184499,"NT_187644.1 Homo sapiens chromosome 19 genomic scaffold, GRCh38.p14 alternate locus group ALT_REF_LOCI_18 HSCHR19KIR_LUCE_BDEL_HAP_CTG3_1"
NT_187645.1,170680,"NT_187645.1 Homo sapiens chromosome 19 genomic scaffold, GRCh38.p14 alternate locus group ALT_REF_LOCI_19 HSCHR19KIR_RSH_A_HAP_CTG3_1"
NT_187668.1,205194,"NT_187668.1 Homo sapiens chromosome 19 genomic scaffold, GRCh38.p14 alternate locus group ALT_REF_LOCI_20 HSCHR19KIR_RSH_BA2_HAP_CTG3_1"
NT_187669.1,170665,"NT_187669.1 Homo sapiens chromosome 19 genomic scaffold, GRCh38.p14 alternate locus group ALT_REF_LOCI_21 HSCHR19KIR_T7526_A_HAP_CTG3_1"
NT_187670.1,184516,"NT_187670.1 Homo sapiens chromosome 19 genomic scaffold, GRCh38.p14 alternate locus group ALT_REF_LOCI_22 HSCHR19KIR_T7526_BDEL_HAP_CTG3_1"
NT_187671.1,190932,"NT_187671.1 Homo sapiens chromosome 19 genomic scaffold, GRCh38.p14 alternate locus group ALT_REF_LOCI_23 HSCHR19KIR_ABC08_A1_HAP_CTG3_1"
NT_187672.1,123111,"NT_187672.1 Homo sapiens chromosome 19 genomic scaffold, GRCh38.p14 alternate locus group ALT_REF_LOCI_24 HSCHR19KIR_ABC08_AB_HAP_C_P_CTG3_1"
NT_187673.1,170701,"NT_187673.1 Homo sapiens chromosome 19 genomic scaffold, GRCh38.p14 alternate locus group ALT_REF_LOCI_25 HSCHR19KIR_ABC08_AB_HAP_T_P_CTG3_1"
NT_187674.1,198005,"NT_187674.1 Homo sapiens chromosome 19 genomic scaffold, GRCh38.p14 alternate locus group ALT_REF_LOCI_26 HSCHR19KIR_FH05_A_HAP_CTG3_1"
NT_187675.1,282224,"NT_187675.1 Homo sapiens chromosome 19 genomic scaffold, GRCh38.p14 alternate locus group ALT_REF_LOCI_27 HSCHR19KIR_FH05_B_HAP_CTG3_1"
NT_187676.1,187935,"NT_187676.1 Homo sapiens chromosome 19 genomic scaffold, GRCh38.p14 alternate locus group ALT_REF_LOCI_28 HSCHR19KIR_FH06_A_HAP_CTG3_1"
NT_187677.1,189352,"NT_187677.1 Homo sapiens chromosome 19 genomic scaffold, GRCh38.p14 alternate locus group ALT_REF_LOCI_29 HSCHR19KIR_FH06_BA1_HAP_CTG3_1"
NT_187683.1,186203,"NT_187683.1 Homo sapiens chromosome 19 genomic scaffold, GRCh38.p14 alternate locus group ALT_REF_LOCI_30 HSCHR19KIR_FH08_A_HAP_CTG3_1"
NT_187684.1,200773,"NT_187684.1 Homo sapiens chromosome 19 genomic scaffold, GRCh38.p14 alternate locus group ALT_REF_LOCI_31 HSCHR19KIR_FH08_BAX_HAP_CTG3_1"
NT_187685.1,170148,"NT_187685.1 Homo sapiens chromosome 19 genomic scaffold, GRCh38.p14 alternate locus group ALT_REF_LOCI_32 HSCHR19KIR_FH13_A_HAP_CTG3_1"
NT_187686.1,215732,"NT_187686.1 Homo sapiens chromosome 19 genomic scaffold, GRCh38.p14 alternate locus group ALT_REF_LOCI_33 HSCHR19KIR_FH13_BA2_HAP_CTG3_1"
NT_187687.1,170537,"NT_187687.1 Homo sapiens chromosome 19 genomic scaffold, GRCh38.p14 alternate locus group ALT_REF_LOCI_34 HSCHR19KIR_FH15_A_HAP_CTG3_1"
NT_113949.2,177381,"NT_113949.2 Homo sapiens chromosome 19 genomic scaffold, GRCh38.p14 alternate locus group ALT_REF_LOCI_35 HSCHR19KIR_RP5_B_HAP_CTG3_1"
NC_012920.1,16569,"NC_012920.1 Homo sapiens mitochondrion, complete genome"
